ID,y
1,82.37881
2,97.34493
3,77.446144
4,82.37881
5,112.378296
8,93.89397
10,114.25675
11,93.93464
12,117.82599
14,94.21358
15,117.82599
16,103.515434
17,93.28912
19,95.01644
20,105.067245
21,93.28912
22,117.82599
23,93.28912
26,95.01067
28,94.04537
29,93.28912
33,93.28912
35,95.01067
41,93.28912
42,93.89397
43,117.82599
45,102.926796
46,102.75738
51,94.02712
53,77.22537
55,112.378296
56,95.27398
57,103.343346
58,95.054
59,102.301575
63,112.25179
64,95.01644
65,105.067245
69,92.295876
71,95.143234
72,102.75738
73,95.28741
76,102.301575
77,104.13653
78,117.67802
82,95.28741
83,105.067245
84,94.45346
85,102.75738
87,112.27885
88,93.28912
89,114.469345
91,94.30493
93,94.34037
94,104.13653
95,92.16837
96,112.27885
97,93.89397
98,112.378296
99,95.27398
101,102.75738
103,114.469345
104,94.3474
105,112.378296
110,95.114365
111,112.378296
113,112.378296
114,94.82278
115,112.958916
117,114.469345
120,94.04537
121,112.27885
122,93.89397
123,112.378296
126,111.14269
132,112.48915
135,103.665184
137,102.75738
138,95.01644
140,95.27398
142,112.958916
144,112.27885
148,93.89397
149,113.04956
155,91.61581
156,112.27885
157,93.89397
162,112.27885
163,99.61513
167,93.710594
172,117.82599
179,112.378296
180,93.89397
181,112.25179
182,95.071434
183,114.469345
185,114.469345
187,112.25179
188,95.28741
189,94.02712
191,93.27861
192,112.48983
193,93.93464
194,112.25179
195,93.27861
196,114.469345
198,94.34037
199,112.27885
201,105.067245
204,95.01644
205,103.515434
206,94.641174
210,94.45346
211,102.75738
216,112.27885
219,117.82599
220,94.3474
221,112.378296
226,112.25179
227,93.27861
228,112.27885
230,112.27885
231,93.89397
235,117.82599
236,94.21245
238,112.27885
242,104.13653
243,94.30493
244,78.82031
245,112.43704
247,112.378296
248,93.89397
249,93.89397
250,112.27885
251,94.21245
253,117.82599
254,94.23703
256,94.30493
257,93.89397
258,112.27885
259,95.27398
262,80.23963
266,92.902336
267,112.378296
272,102.75738
273,114.469345
275,93.89397
276,112.7509
279,94.21358
280,105.067245
283,94.04573
285,112.27885
288,114.469345
289,85.18231
290,105.067245
291,94.21358
292,112.25179
293,112.40119
296,93.89397
297,112.378296
298,117.67802
299,95.28741
304,93.78149
305,85.36029
306,93.93464
307,112.25179
311,102.75738
313,112.25179
314,93.27861
316,94.53355
324,93.08057
327,95.7761
329,93.78149
330,112.25179
337,104.80061
338,95.071434
339,105.067245
340,95.01644
343,93.89397
345,117.82599
346,91.32058
347,112.378296
349,112.958916
350,94.82278
352,112.378296
353,94.82278
354,78.82031
357,94.30493
358,112.378296
362,112.25179
364,112.15096
365,102.75738
366,94.92721
367,112.25179
368,95.01644
370,76.94752
373,95.054
377,93.27861
378,112.40119
382,102.301575
384,112.27885
390,92.16837
392,112.378296
393,110.72352
395,95.071434
396,105.067245
399,78.60389
406,112.25179
408,112.25179
409,94.3474
410,77.75869
412,112.378296
413,93.89397
419,92.16837
420,112.378296
421,93.89397
430,93.14819
434,94.02712
436,95.01644
437,95.27398
438,93.89397
439,112.27885
440,95.27398
443,113.84363
446,95.01644
448,93.06924
452,94.21245
453,103.343346
457,105.067245
458,94.02712
459,115.37221
460,103.343346
462,104.13653
464,103.343346
465,117.82599
467,112.378296
471,112.24276
472,77.75869
473,94.01364
475,95.01644
480,94.34037
488,111.34374
490,112.25179
491,102.75738
492,77.446144
493,94.30493
497,91.32058
498,112.378296
499,95.01067
500,102.75738
501,94.02712
502,112.378296
506,77.22537
510,112.40119
511,92.79858
512,93.78149
516,93.89397
518,93.27861
519,112.378296
521,91.32058
522,112.27885
526,112.27885
529,95.406586
532,112.27885
533,93.06924
536,112.7509
537,94.359184
539,95.28741
540,102.75738
541,95.01644
543,94.02712
546,112.378296
547,94.21245
548,75.823685
551,94.30493
552,103.343346
556,104.13653
557,95.579735
558,112.25179
559,94.21358
560,103.515434
562,103.515434
566,95.23006
570,112.378296
571,95.27398
572,105.067245
573,95.28741
575,117.82599
576,112.378296
577,94.82278
579,93.89397
580,112.378296
581,112.48915
589,112.25179
591,102.75738
593,94.21358
594,102.75738
595,93.93464
598,94.30493
602,112.378296
604,112.27885
606,112.958916
608,94.92721
609,102.75738
610,94.02712
616,112.378296
617,95.01067
618,102.75738
620,102.75738
622,111.88423
623,93.89397
624,89.76959
626,112.27885
628,112.27885
629,94.82278
630,112.27885
637,95.071434
638,104.80061
643,94.641174
645,94.34037
646,112.378296
648,95.143234
652,95.23006
653,95.27398
654,112.378296
656,112.378296
657,94.01364
659,90.256226
660,103.343346
663,94.04573
664,112.27885
666,103.343346
668,112.378296
669,90.69055
671,95.01067
675,93.89397
677,94.21245
678,112.43704
679,103.30177
682,94.34037
685,103.343346
687,95.01644
688,92.80456
693,111.41218
696,95.7761
698,95.01067
701,93.68269
704,104.13653
705,117.82599
709,112.378296
710,94.30493
711,104.74541
712,94.34037
714,112.27885
715,94.13255
716,112.25179
717,94.3474
720,117.82599
721,93.27861
724,101.35721
725,95.01644
726,112.24276
728,111.49546
731,94.04537
734,103.343346
738,94.3474
745,112.378296
746,93.78149
751,75.43644
754,94.6013
756,94.04537
758,95.406586
759,113.72444
761,117.82599
766,93.75837
767,112.378296
768,93.89397
769,113.04956
770,95.4142
771,77.446144
772,103.343346
773,94.30493
774,112.378296
776,112.27885
777,95.27398
780,117.82599
782,102.75738
787,102.75738
788,95.28741
792,93.89397
793,112.378296
798,95.27398
800,93.89397
806,112.25179
809,112.27885
811,113.04956
812,94.82278
814,117.82599
816,102.75738
817,94.21358
818,102.75738
820,114.469345
823,94.02712
829,93.89397
830,113.72444
831,91.32058
834,112.27885
839,94.17656
841,76.83301
844,102.75738
845,94.02712
848,93.78149
850,96.50719
851,103.343346
852,90.256226
854,93.06924
855,95.054
856,102.75738
859,103.343346
861,112.378296
864,94.30493
865,112.378296
866,94.04573
867,92.558556
869,95.23006
871,94.82278
872,112.25179
882,102.75738
883,94.02712
885,94.21358
888,95.7761
893,112.25179
901,112.43704
903,102.75738
904,95.01067
905,103.343346
910,94.34037
911,112.27885
914,112.7509
918,111.95114
921,93.89397
928,94.30493
929,103.343346
932,91.938065
933,104.13653
934,94.34037
935,112.378296
937,79.123985
939,95.28741
940,102.75738
941,94.30493
942,103.343346
943,95.01067
944,103.343346
947,112.25179
949,112.378296
951,113.631035
952,94.21358
953,102.75738
954,75.51848
957,112.27885
959,93.89397
960,112.27885
963,117.82599
965,112.25179
967,103.343346
971,94.30493
972,77.75869
973,95.01067
974,112.27885
975,95.406586
978,113.7906
980,112.378296
981,95.01067
984,112.7509
986,94.34037
988,93.89397
989,112.27885
990,102.75738
992,112.43704
996,95.27398
999,112.27885
1000,93.88527
1001,112.378296
1002,93.89397
1003,112.27885
1004,93.89397
1008,112.27885
1009,90.256226
1010,104.13653
1012,112.27885
1013,91.317444
1014,111.95114
1015,94.82278
1016,117.82599
1019,94.82278
1020,112.27885
1021,94.34037
1022,104.13653
1024,94.34037
1025,77.15237
1027,95.23006
1028,103.343346
1029,93.68269
1030,94.21358
1033,112.27885
1036,93.27861
1037,112.378296
1038,93.78149
1042,95.28741
1043,102.75738
1044,94.30493
1045,112.27885
1047,115.37221
1050,94.02712
1051,112.25179
1054,94.02712
1056,95.01067
1057,94.02712
1059,95.01644
1062,93.0795
1063,104.13653
1064,95.01067
1066,94.30493
1070,103.343346
1076,112.27885
1077,94.01364
1078,112.27885
1080,112.25179
1082,112.48983
1083,95.7761
1089,111.65709
1091,95.7761
1093,95.01644
1097,95.01067
1099,94.82278
1101,94.34037
1103,95.406586
1104,112.27885
1106,111.34374
1109,93.27861
1110,112.25179
1111,94.53355
1112,111.43319
1114,94.02712
1116,94.3474
1117,112.378296
1120,94.04537
1124,112.27885
1125,93.89397
1126,112.27885
1134,112.378296
1137,93.89397
1138,112.27885
1144,112.25179
1145,93.93464
1146,93.27861
1148,95.406586
1150,94.04537
1152,102.75738
1153,94.21358
1154,102.75738
1155,95.28741
1157,94.359184
1162,95.28741
1165,112.27885
1166,92.16837
1167,104.13653
1168,94.34037
1169,103.343346
1171,117.82599
1172,95.579735
1173,103.343346
1174,94.30493
1176,95.054
1177,103.343346
1178,94.30493
1182,112.27885
1186,94.34037
1187,112.378296
1188,93.89397
1189,117.82599
1191,102.301575
1192,95.28741
1197,112.378296
1198,94.05245
1200,77.75869
1201,94.21245
1203,95.4142
1209,117.82599
1214,103.343346
1218,113.06975
1222,94.6013
1226,94.21358
1228,94.30493
1230,93.28912
1232,77.75869
1233,94.01364
1236,115.37221
1238,94.30493
1241,112.25179
1244,105.067245
1246,94.6013
1247,112.378296
1250,112.378296
1251,94.82278
1254,111.95114
1255,94.30493
1256,108.662506
1257,91.61581
1258,94.359184
1259,112.25179
1260,94.21358
1263,112.25179
1267,77.33548
1268,111.00159
1271,95.28741
1272,112.25179
1274,102.75738
1275,95.28741
1276,112.25179
1277,93.78149
1279,93.27861
1281,94.45346
1282,93.89397
1283,112.378296
1285,112.27885
1286,93.89397
1289,112.27885
1296,114.45441
1299,94.04537
1301,95.27398
1306,94.13255
1307,94.30493
1308,93.27861
1313,112.25179
1314,95.01644
1315,112.25179
1316,93.27861
1317,112.25179
1319,93.78149
1323,94.34037
1324,103.343346
1325,94.30493
1328,104.13653
1329,95.01067
1330,112.378296
1331,92.730415
1332,103.343346
1337,94.21358
1338,112.40119
1339,91.32058
1340,112.378296
1343,112.58713
1347,103.343346
1348,94.30493
1349,103.343346
1352,93.27861
1354,95.054
1359,112.27885
1360,94.34037
1363,112.25179
1364,95.7761
1365,102.75738
1366,94.21358
1372,94.21358
1375,103.49437
1376,94.02712
1378,91.32058
1379,112.7509
1380,94.34037
1381,103.343346
1384,112.958916
1387,94.04537
1388,112.27885
1392,80.627884
1394,104.469986
1395,94.21358
1396,112.25179
1398,93.93464
1399,112.25179
1400,93.78149
1401,93.78149
1403,94.02712
1404,112.48983
1406,112.25179
1407,94.02712
1408,112.25179
1410,77.33548
1412,112.25179
1413,95.01644
1415,95.01644
1420,112.25179
1422,113.06975
1423,102.90605
1424,112.25179
1425,94.21358
1426,77.33548
1427,95.4142
1429,93.710594
1430,112.378296
1431,95.054
1432,103.343346
1434,112.27885
1437,95.28741
1438,102.75738
1440,112.27885
1441,112.378296
1442,94.30493
1444,112.25179
1445,95.01644
1446,102.75738
1448,92.79858
1453,94.3474
1454,112.25179
1455,95.28741
1456,113.2741
1458,112.25179
1459,93.78149
1461,94.45346
1465,94.04537
1466,112.27885
1469,94.34037
1472,94.3474
1474,94.02712
1477,111.34374
1479,114.469345
1482,94.359184
1483,77.75869
1487,95.23006
1488,112.378296
1490,112.27885
1492,112.958916
1494,117.82599
1496,101.35721
1497,94.38119
1499,95.579735
1502,94.30493
1507,112.66857
1508,93.27861
1509,114.469345
1511,93.78149
1512,111.49546
1513,117.67802
1514,102.301575
1518,112.27885
1519,93.89397
1522,112.27885
1524,77.75869
1527,94.30493
1529,93.89397
1532,103.343346
1536,112.27885
1537,117.82599
1539,103.67702
1542,112.25179
1543,94.02712
1544,102.75738
1545,77.80135
1550,94.02712
1551,112.40119
1554,103.515434
1556,102.75738
1559,91.61581
1560,77.75869
1562,95.4142
1566,93.89397
1567,112.27885
1569,103.343346
1570,111.43319
1571,112.27885
1574,93.27861
1578,102.75738
1580,94.13255
1583,111.00159
1584,93.27861
1585,111.49546
1586,94.04537
1587,112.27885
1588,93.89397
1590,117.67802
1592,102.75738
1596,112.48983
1598,112.378296
1599,94.02712
1604,112.958916
1606,102.75738
1607,95.01644
1608,102.926796
1609,117.82599
1611,95.071434
1613,94.21358
1616,95.19823
1619,112.27885
1620,94.316696
1621,112.27885
1622,94.30493
1625,112.43704
1627,117.82599
1629,112.25179
1634,95.579735
1636,94.30493
1638,103.343346
1639,94.30493
1641,95.4142
1643,94.21358
1644,102.301575
1645,117.82599
1646,94.45346
1647,103.515434
1648,95.01067
1652,94.13255
1653,112.27885
1656,93.89397
1658,94.02712
1659,112.25179
1661,94.45346
1663,95.01644
1664,112.25179
1665,95.28741
1666,102.75738
1667,103.16374
1668,77.75869
1669,102.926796
1670,94.21358
1672,112.27885
1674,111.95114
1677,112.378296
1678,93.89397
1679,112.27885
1680,94.04537
1683,103.343346
1686,103.343346
1687,113.06975
1689,112.25179
1690,93.78149
1691,117.82599
1692,112.27885
1693,93.27861
1695,94.02712
1696,94.3474
1697,112.25179
1700,102.75738
1701,95.23006
1702,112.27885
1703,93.89397
1704,112.378296
1706,95.143234
1707,112.7509
1708,95.01067
1710,95.01067
1711,103.343346
1713,104.13653
1717,103.343346
1719,102.75738
1720,94.02712
1722,95.28741
1725,102.75738
1726,95.01067
1727,103.412445
1729,112.27885
1730,94.13255
1731,112.27885
1733,102.75738
1734,95.28741
1735,113.06975
1738,94.21358
1742,95.27398
1745,111.95114
1747,95.23006
1749,95.01067
1751,95.01067
1752,77.75869
1753,103.515434
1754,93.93464
1755,95.01644
1756,104.10929
1758,112.64724
1759,95.28741
1760,105.067245
1761,112.25179
1762,93.78149
1763,111.00159
1764,95.1112
1766,95.054
1768,94.30493
1769,77.33548
1771,112.378296
1772,94.38119
1773,103.343346
1774,95.18186
1775,112.378296
1777,112.27885
1779,95.28741
1780,105.067245
1787,93.89397
1788,93.06924
1790,95.01067
1796,112.27885
1801,93.89397
1803,95.01067
1807,112.27885
1809,112.62157
1812,94.30493
1813,112.7509
1814,94.04537
1815,112.378296
1816,94.381256
1818,93.91076
1820,93.78149
1821,115.37221
1822,95.01644
1825,94.30493
1826,103.343346
1828,95.01067
1831,103.343346
1836,115.68522
1837,94.30493
1841,94.02712
1844,102.75738
1848,92.16837
1851,103.67702
1852,95.7761
1853,93.89397
1854,112.378296
1856,93.08057
1859,112.62157
1860,95.01067
1861,75.08579
1863,103.343346
1865,94.30493
1866,103.67702
1867,94.21358
1868,93.89397
1872,94.30493
1879,94.21358
1880,102.75738
1882,94.30493
1885,103.343346
1887,102.75738
1888,91.64337
1890,114.38544
1894,94.21358
1895,102.75738
1896,95.01067
1897,112.378296
1900,113.26215
1901,91.61581
1902,112.7509
1905,92.558556
1906,112.27885
1912,102.75738
1915,95.01067
1916,103.343346
1917,95.01067
1918,103.343346
1920,77.75869
1923,95.406586
1924,105.13204
1925,95.01067
1930,117.82599
1932,112.25179
1933,94.641174
1934,111.832275
1935,91.61581
1940,77.33548
1941,93.06924
1942,112.378296
1943,93.30549
1944,91.32058
1945,109.70121
1948,117.82599
1949,93.78149
1952,94.45346
1954,93.27861
1955,112.25179
1958,94.3474
1959,77.22537
1960,111.00159
1963,95.01644
1965,93.88527
1968,103.761
1969,95.7761
1971,95.01644
1972,112.27885
1973,93.89397
1975,93.89397
1977,95.27398
1978,94.381256
1979,112.378296
1981,93.89397
1982,112.27885
1987,112.27885
1988,93.89397
1993,94.641174
1997,93.06924
1999,95.01067
2001,94.21358
2002,115.37221
2003,94.6013
2004,82.03348
2006,112.378296
2007,92.295876
2009,105.067245
2010,95.28741
2013,94.21358
2018,77.22537
2022,103.49437
2024,116.610886
2025,95.01644
2026,102.75738
2030,105.067245
2031,93.93464
2032,102.75738
2033,95.01067
2035,94.01364
2036,112.378296
2037,93.89397
2040,94.21358
2043,112.378296
2044,103.30177
2046,104.13653
2054,110.005516
2055,93.93464
2056,105.067245
2059,93.78149
2060,91.61581
2062,92.34787
2063,112.378296
2066,94.21358
2067,113.06975
2072,94.6013
2073,112.25179
2074,93.653786
2075,112.18289
2076,92.16837
2080,93.710594
2082,91.61581
2085,112.18289
2087,111.49546
2091,112.25179
2092,94.21358
2093,105.067245
2098,94.71392
2101,111.00159
2102,93.91076
2103,77.33548
2105,103.67702
2106,95.28741
2107,114.25675
2110,94.21245
2114,94.381256
2115,112.378296
2117,77.22537
2118,90.256226
2119,103.343346
2120,95.01067
2122,94.04537
2123,112.27885
2126,95.01644
2127,102.75738
2128,94.02712
2129,112.25179
2132,93.402756
2135,102.75738
2138,95.27398
2139,117.82599
2141,112.958916
2142,93.06924
2146,94.21358
2151,112.27885
2157,102.75738
2159,114.25675
2162,95.28741
2164,117.82599
2167,91.32058
2168,112.27885
2171,94.01364
2173,95.01644
2174,102.75738
2175,94.30493
2178,95.28741
2180,94.21358
2185,112.27885
2189,91.317444
2190,113.06975
2192,102.75738
2194,115.37221
2200,115.68522
2201,94.6013
2203,112.27885
2204,94.6013
2205,112.7509
2209,112.958916
2213,103.343346
2214,94.30493
2215,112.378296
2216,94.6013
2218,93.06924
2219,103.343346
2220,94.34037
2222,91.61581
2223,112.25179
2225,112.25179
2226,94.04573
2230,94.45346
2233,113.06975
2234,112.7509
2235,94.6013
2236,77.75869
2237,93.06924
2240,115.37221
2241,93.27861
2248,102.75738
2249,94.21358
2250,110.99179
2252,112.27885
2253,94.6013
2254,112.27885
2256,77.75869
2258,92.902336
2259,113.84363
2262,94.21358
2265,95.28741
2266,102.75738
2269,94.45346
2271,95.054
2273,93.89397
2274,110.57838
2275,94.6013
2277,94.30493
2279,94.6013
2280,77.75869
2282,94.21358
2283,102.75738
2288,93.89397
2289,113.2741
2291,95.01067
2292,117.82599
2297,94.34037
2298,103.343346
2299,93.7641
2300,112.27885
2301,93.89397
2304,93.93464
2305,102.75738
2306,94.21358
2308,92.16837
2309,110.99179
2311,94.641174
2312,102.926796
2316,102.75738
2321,103.343346
2322,112.378296
2325,103.343346
2326,92.16837
2329,117.82599
2330,94.30493
2331,103.343346
2332,113.06975
2333,94.21358
2334,102.75738
2335,108.662506
2337,113.31619
2338,94.01364
2340,113.06975
2342,93.89397
2345,94.3474
2349,93.27861
2351,77.75869
2352,95.01067
2354,112.25179
2355,112.25179
2357,112.25179
2358,94.3474
2360,94.21358
2361,112.25179
2364,94.30493
2366,95.143234
2369,105.067245
2370,94.21358
2371,113.06975
2373,112.48983
2374,94.45346
2376,112.27885
2378,112.958916
2382,95.054
2383,93.89397
2386,103.343346
2387,92.351135
2389,94.82278
2390,113.2741
2392,91.18137
2398,113.06975
2399,95.01067
2400,94.6013
2401,112.378296
2402,94.02712
2404,93.06769
2407,112.48983
2408,111.34374
2409,114.469345
2412,77.22537
2413,94.34037
2415,93.06924
2420,112.48983
2422,94.45346
2423,102.75738
2426,95.01067
2432,94.30493
2434,94.13255
2435,94.82278
2436,112.378296
2438,112.958916
2440,112.378296
2443,94.45346
2444,93.78149
2447,102.75738
2450,95.01644
2454,94.01364
2455,112.378296
2459,94.21358
2460,111.1971
2463,94.45346
2465,93.27861
2468,77.33548
2469,94.6013
2474,91.32058
2478,94.02712
2480,93.78149
2481,115.37221
2489,94.21358
2490,105.067245
2492,91.61581
2496,94.21358
2497,112.24276
2500,95.01067
2505,94.21358
2507,94.01364
2508,112.7509
2509,95.01067
2510,79.56451
2513,93.89397
2515,94.21358
2518,93.89397
2519,112.958916
2520,93.89397
2521,113.31619
2523,113.631035
2525,94.21245
2529,112.7509
2530,94.6013
2533,113.2741
2535,92.79858
2538,103.49437
2544,113.2741
2553,112.27885
2556,93.06924
2558,93.89397
2559,112.958916
2560,94.30493
2561,112.27885
2562,91.317444
2563,112.27885
2564,94.13255
2565,113.06975
2567,103.665184
2572,93.93464
2575,95.01067
2576,112.27885
2577,91.32058
2578,95.28741
2579,112.378296
2580,94.82278
2582,112.378296
2583,94.04573
2587,93.06924
2589,112.27885
2590,95.406586
2591,112.7509
2594,93.30549
2597,94.21358
2598,102.75738
2599,91.64337
2600,103.49437
2602,109.49167
2603,93.93464
2604,104.80061
2606,112.449524
2607,77.75869
2608,94.6013
2613,112.7509
2614,94.36489
2615,112.378296
2617,112.378296
2620,94.04537
2623,112.7509
2624,94.381256
2627,112.7509
2629,77.75869
2630,94.82278
2632,95.23006
2636,94.381256
2639,96.50719
2640,103.343346
2642,112.7509
2644,102.75738
2646,111.88423
2647,94.381256
2649,94.21245
2650,102.75738
2652,102.75738
2653,101.35721
2655,104.13653
2657,113.06975
2659,112.25179
2662,93.89397
2663,115.37221
2664,94.21358
2665,102.75738
2670,94.21245
2671,103.343346
2672,90.256226
2675,102.75738
2677,112.18289
2679,114.25675
2683,112.378296
2684,94.381256
2685,95.27398
2688,103.343346
2689,94.34037
2690,104.13653
2693,95.49907
2694,113.31619
2697,103.04404
2699,95.01067
2703,93.30549
2705,103.343346
2709,80.102486
2710,94.21245
2711,112.378296
2712,90.256226
2713,94.21358
2714,114.469345
2715,93.22066
2717,93.89397
2718,113.72444
2720,112.27885
2721,94.21245
2726,95.579735
2728,94.30493
2731,102.75738
2732,112.25179
2734,94.3474
2736,102.75738
2737,94.21358
2738,102.75738
2739,114.25675
2746,93.06924
2749,102.75738
2751,117.82599
2752,104.13653
2753,94.30493
2757,105.067245
2758,95.01067
2759,110.57838
2760,95.406586
2762,112.378296
2764,95.01067
2765,112.958916
2769,112.25179
2771,112.378296
2774,94.381256
2776,93.27861
2777,113.682594
2778,91.61581
2779,112.378296
2782,91.61581
2784,93.710594
2787,94.359184
2789,92.046524
2792,94.21358
2798,95.01644
2799,102.75738
2800,94.21245
2801,78.75509
2802,92.902336
2804,94.30493
2807,102.75738
2808,94.21358
2809,112.48983
2811,117.67802
2812,94.30493
2814,93.89397
2816,94.21245
2817,112.25179
2818,111.34374
2820,112.40119
2821,77.68771
2822,95.579735
2823,103.343346
2824,94.21245
2826,91.3727
2829,91.61581
2834,94.30493
2835,77.22537
2838,94.21358
2839,112.25179
2840,93.91076
2841,113.631035
2842,94.21358
2846,111.69863
2848,94.34037
2849,93.710594
2850,114.469345
2851,95.28741
2853,91.61581
2854,112.7509
2858,112.378296
2861,94.34037
2864,91.61581
2865,115.37221
2866,112.27885
2867,94.82278
2868,112.27885
2870,112.27885
2877,95.406586
2878,112.7509
2880,112.27885
2882,77.75869
2883,95.143234
2884,103.343346
2885,94.30493
2887,94.21358
2888,111.41218
2889,95.01644
2890,102.75738
2891,94.641174
2892,117.82599
2893,94.3474
2898,112.25179
2899,94.45346
2900,112.25179
2901,93.89397
2909,94.34037
2910,112.27885
2911,112.378296
2913,114.25675
2914,97.64661
2918,92.4538
2919,112.378296
2920,93.89397
2921,112.7509
2922,91.30622
2923,102.926796
2925,112.48983
2926,94.82278
2927,112.7509
2929,112.27885
2933,91.32058
2934,113.04956
2936,112.48983
2941,103.49437
2942,94.21245
2943,110.57838
2945,104.13653
2950,93.89397
2951,112.27885
2953,112.958916
2954,95.27398
2955,103.343346
2956,95.4142
2960,95.054
2962,92.16837
2963,105.067245
2964,102.75738
2966,77.75869
2967,94.381256
2968,114.187775
2969,93.89397
2971,92.79858
2972,94.34037
2974,94.45346
2975,114.469345
2977,117.82599
2980,112.27885
2981,93.89397
2983,94.21358
2984,104.80061
2985,117.82599
2986,104.80061
2987,94.34037
2989,90.256226
2990,112.27885
2991,95.406586
2992,77.33548
2995,103.04404
2996,102.926796
3002,116.85648
3004,112.25179
3005,117.82599
3006,95.01067
3010,95.143234
3011,102.75738
3014,94.82278
3015,93.27861
3016,95.28741
3017,109.51162
3018,92.80456
3021,102.75738
3024,102.75738
3028,93.06924
3030,91.61581
3032,94.21245
3039,95.01067
3040,104.13653
3041,94.21245
3043,92.902336
3044,112.27885
3046,113.631035
3055,93.91076
3056,112.25179
3058,93.89397
3059,112.958916
3061,117.82599
3063,102.75738
3066,94.21358
3067,102.75738
3068,77.75869
3069,94.21245
3072,117.67802
3073,112.27885
3074,92.351135
3077,93.89397
3082,93.687645
3084,103.04404
3085,114.187775
3088,102.75738
3091,91.32058
3092,112.27885
3093,92.351135
3094,102.75738
3096,111.832275
3097,94.13255
3098,77.75869
3102,117.67802
3106,93.89397
3109,93.30549
3111,93.710594
3112,117.82599
3113,94.21245
3115,94.6013
3116,112.378296
3117,94.04537
3121,114.25675
3122,93.27861
3123,95.01067
3124,105.067245
3125,95.28741
3126,102.75738
3127,117.82599
3129,93.89397
3130,112.27885
3132,104.47963
3134,103.30177
3135,95.054
3137,76.328384
3138,95.406586
3140,93.6017
3144,113.31619
3145,95.579735
3146,112.378296
3147,94.21245
3148,103.343346
3149,103.343346
3150,112.27885
3151,93.30549
3152,94.21358
3155,94.01364
3156,114.469345
3159,93.89397
3161,94.34037
3162,103.343346
3163,95.143234
3165,102.75738
3172,94.04537
3173,114.187775
3176,92.730415
3177,102.75738
3179,114.469345
3183,93.27861
3186,95.01067
3187,102.75738
3189,112.378296
3190,94.3474
3192,117.82599
3193,94.04537
3194,112.27885
3197,95.28741
3198,94.30493
3200,94.6013
3201,117.82599
3202,94.30493
3204,94.21358
3205,93.89397
3206,113.31619
3208,103.343346
3210,102.75738
3211,94.21358
3212,117.82599
3213,93.06924
3214,111.00159
3216,102.75738
3219,93.89397
3220,112.958916
3221,94.21245
3226,103.343346
3227,94.34037
3228,111.34374
3229,94.3474
3232,77.33548
3233,95.01067
3234,93.06924
3236,94.21358
3238,112.7509
3239,111.49546
3240,94.359184
3247,112.378296
3249,102.75738
3252,112.40119
3253,94.21358
3254,102.75738
3255,94.45346
3256,116.85648
3257,94.3474
3262,94.21358
3263,102.75738
3264,95.4142
3266,112.27885
3267,91.63217
3269,94.45346
3272,117.82599
3274,95.28741
3275,103.761
3277,95.27398
3279,95.19823
3280,103.343346
3283,95.071434
3285,94.21358
3287,96.08284
3288,102.75738
3290,104.80061
3291,93.06924
3298,112.27885
3299,94.30493
3302,116.31622
3303,92.295876
3304,103.03514
3307,93.06924
3309,93.06769
3314,77.75869
3316,112.27885
3317,95.01067
3319,94.6013
3320,112.378296
3321,95.01067
3322,104.13653
3324,93.89397
3326,91.61581
3329,113.631035
3330,94.13255
3331,112.378296
3335,117.82599
3337,94.21358
3338,106.54344
3339,95.071434
3340,112.378296
3341,92.902336
3343,93.710594
3346,94.82278
3348,95.01067
3351,102.75738
3352,117.82599
3355,93.89397
3356,112.7509
3358,104.469986
3359,95.7761
3360,110.19659
3371,114.187775
3372,94.21245
3374,95.19823
3377,113.04956
3378,91.32058
3380,103.343346
3382,94.34037
3386,94.30493
3389,113.04956
3391,103.343346
3393,95.406586
3394,103.343346
3395,95.01067
3397,112.7509
3398,95.579735
3399,77.80135
3400,95.01067
3404,103.343346
3407,112.27885
3409,104.13653
3419,95.27398
3421,92.4538
3425,95.071434
3427,75.76538
3428,117.82599
3429,112.27885
3431,94.359184
3435,94.02712
3436,114.469345
3439,94.381256
3441,94.01364
3442,117.82599
3443,94.21358
3444,102.75738
3445,93.93464
3446,112.54029
3449,91.61581
3453,93.06924
3457,94.21245
3460,102.75738
3461,94.71392
3462,94.3474
3464,102.75738
3465,77.75869
3466,95.01067
3467,102.75738
3468,94.21358
3469,102.75738
3470,101.35721
3472,112.7509
3473,94.04537
3475,94.82278
3476,112.27885
3478,103.343346
3479,95.41257
3483,93.06924
3484,103.343346
3485,95.054
3487,94.82278
3488,112.27885
3496,112.25179
3497,94.45346
3499,95.054
3500,77.75869
3501,95.01067
3504,95.01067
3508,105.067245
3511,93.27861
3512,110.78385
3515,93.78149
3517,93.93464
3518,101.35721
3526,112.25179
3528,109.49167
3529,94.359184
3530,112.378296
3531,94.3474
3532,112.54029
3533,94.3474
3534,94.21245
3535,77.75869
3536,94.6013
3537,112.27885
3538,93.06924
3539,111.34374
3540,104.13653
3545,112.27885
3546,93.89397
3550,104.13653
3551,94.17656
3553,95.01644
3554,102.75738
3557,93.06924
3558,112.378296
3559,91.61581
3561,93.06924
3562,112.7509
3563,95.01067
3564,102.75738
3565,93.93464
3567,93.27861
3571,102.75738
3572,94.21358
3574,94.34037
3576,94.30493
3577,112.27885
3578,95.01067
3579,94.30493
3583,94.21245
3585,94.34037
3586,103.343346
3587,112.27885
3593,93.710594
3594,112.958916
3595,95.01067
3599,95.01644
3600,102.75738
3601,112.7509
3602,91.61581
3604,94.38119
3609,117.82599
3610,112.378296
3612,112.27885
3614,114.45441
3615,94.30493
3617,95.19823
3618,112.378296
3619,112.27885
3620,112.27885
3621,94.30493
3625,93.08057
3626,102.75738
3630,102.75738
3631,94.45346
3632,104.80061
3633,95.01067
3634,112.378296
3637,93.06924
3639,94.381256
3640,112.378296
3641,93.710594
3644,112.7509
3645,94.30493
3646,94.3474
3647,91.32058
3648,112.7509
3653,112.27885
3654,94.6013
3655,112.378296
3659,102.75738
3660,94.21358
3662,114.25675
3666,92.558556
3668,90.90307
3671,94.04537
3673,93.27861
3674,112.24276
3675,94.3474
3681,91.61581
3682,112.27885
3686,111.00159
3687,94.359184
3692,81.54905
3695,112.378296
3696,95.49907
3699,113.31619
3705,110.5085
3707,77.33548
3708,95.01067
3709,112.27885
3710,94.30493
3712,94.21358
3715,112.27885
3716,94.30493
3720,113.04956
3722,77.33548
3726,95.01067
3728,94.04537
3729,112.25179
3731,102.75738
3735,112.378296
3736,94.381256
3739,102.75738
3741,112.27885
3743,103.343346
3744,95.01067
3745,112.27885
3746,95.27398
3751,94.3474
3753,93.08057
3760,112.25179
3761,94.3474
3762,113.631035
3763,93.27861
3765,94.3474
3768,112.7509
3769,94.30493
3770,104.7395
3773,112.27885
3774,95.4142
3776,95.01644
3778,94.3474
3779,111.832275
3780,93.06924
3781,113.31619
3782,94.04537
3783,112.7509
3784,93.88527
3786,95.01067
3789,113.547165
3790,93.94062
3793,112.378296
3795,112.27885
3797,94.21358
3798,117.82599
3800,114.469345
3804,95.4142
3810,95.19823
3815,112.27885
3816,95.4142
3818,102.75738
3824,112.7509
3828,102.75738
3830,112.27885
3831,95.19823
3832,77.75869
3834,112.27885
3835,93.89397
3836,111.00159
3838,94.21358
3839,117.82599
3840,112.378296
3845,94.3474
3846,112.25179
3847,93.93464
3849,77.75869
3853,112.378296
3855,105.067245
3856,94.21358
3864,80.102486
3865,95.01067
3866,112.378296
3867,93.30549
3868,114.469345
3869,95.01644
3871,94.82278
3875,102.75738
3876,94.04537
3878,93.06924
3879,112.27885
3881,114.469345
3883,111.99671
3884,93.06769
3886,113.04956
3890,96.204185
3893,109.046425
3897,104.80061
3901,94.3474
3902,111.00159
3913,112.58713
3914,93.89397
3916,94.04573
3917,112.27885
3924,103.67702
3925,95.071434
3928,95.143234
3929,112.27885
3932,91.64337
3933,102.75738
3934,76.83301
3935,91.61581
3936,95.28741
3937,112.25179
3938,92.79858
3939,111.00159
3943,91.32058
3944,112.7509
3945,112.27885
3946,93.68269
3947,112.378296
3948,94.381256
3949,112.7509
3950,94.21245
3951,111.49546
3952,94.3474
3953,113.631035
3961,115.37221
3962,93.27861
3966,94.21245
3967,103.343346
3968,94.34037
3969,112.378296
3970,95.054
3971,105.067245
3973,94.23696
3974,112.7509
3975,112.378296
3977,93.89397
3979,112.378296
3985,95.27398
3986,103.343346
3988,111.00159
3991,94.21358
3992,102.75738
3993,94.641174
3994,94.6013
3995,112.27885
4005,112.378296
4007,94.30493
4008,103.343346
4009,95.18186
4010,109.91309
4011,76.83301
4012,93.06924
4013,103.67702
4015,114.25675
4016,112.40119
4018,114.469345
4025,95.28741
4026,114.469345
4028,113.31619
4029,95.4142
4031,94.04537
4032,112.27885
4033,94.23696
4034,103.343346
4037,90.256226
4038,102.75738
4039,94.02712
4041,95.01644
4042,111.49546
4043,94.21358
4044,102.75738
4045,92.16837
4046,113.31619
4047,95.01067
4048,103.30177
4049,95.406586
4051,94.381256
4052,112.7509
4058,102.75738
4062,112.27885
4064,113.31619
4067,94.30493
4068,77.75869
4070,93.27861
4072,117.82599
4074,112.27885
4075,93.08057
4076,112.27885
4077,94.6013
4078,114.469345
4080,102.75738
4082,112.449524
4085,93.93464
4086,114.25675
4088,114.469345
4089,93.88527
4092,77.75869
4094,93.30549
4095,112.378296
4096,90.256226
4097,103.343346
4102,92.902336
4105,115.55913
4107,112.378296
4111,95.27398
4112,104.13653
4113,95.01067
4114,113.7906
4115,94.6013
4116,112.378296
4117,94.02712
4118,95.01644
4119,112.25179
4120,94.3474
4122,80.22591
4125,93.89397
4126,112.378296
4129,112.27885
4134,112.40119
4137,93.710594
4141,104.478775
4142,95.579735
4144,94.21358
4145,103.67702
4146,94.71392
4150,94.30493
4151,76.328384
4154,94.30493
4156,94.3474
4157,112.24276
4159,112.40119
4160,94.3474
4161,111.832275
4168,95.01067
4171,103.343346
4172,103.30177
4173,95.4142
4175,93.06924
4176,102.75738
4177,94.21358
4178,102.75738
4179,95.27398
4181,113.26215
4183,95.4142
4184,113.26215
4185,93.89397
4186,112.27885
4188,112.378296
4190,112.27885
4192,93.78149
4193,109.046425
4194,112.7509
4195,95.406586
4196,77.75869
4202,95.4142
4203,104.13653
4208,95.01067
4209,112.27885
4210,93.30549
4211,113.631035
4212,117.82599
4214,103.343346
4215,94.21245
4216,112.24276
4217,93.78149
4219,95.01067
4222,112.25179
4224,74.051544
4231,103.343346
4232,95.4142
4234,93.30549
4236,94.21358
4237,102.75738
4240,94.38119
4242,104.80061
4243,95.01067
4247,93.89397
4248,112.378296
4249,93.29506
4254,102.75738
4263,94.21245
4265,112.378296
4267,113.7906
4268,112.27885
4271,112.25179
4272,94.30493
4273,112.27885
4274,93.89397
4276,94.45346
4278,95.28741
4280,95.143234
4281,112.27885
4283,92.34787
4284,112.378296
4285,94.34037
4286,113.31619
4287,94.01364
4288,112.27885
4289,92.902336
4290,77.22537
4293,93.27861
4296,112.958916
4297,93.89397
4299,91.61581
4303,110.72352
4310,94.34037
4312,103.343346
4318,102.75738
4320,113.26254
4322,92.4538
4323,112.27885
4325,103.343346
4326,112.27885
4328,103.343346
4330,103.343346
4332,112.27885
4333,95.27398
4335,90.90307
4336,113.7906
4338,103.67702
4341,94.21358
4342,103.49437
4344,102.75738
4347,93.08655
4348,102.75738
4351,103.343346
4352,94.30493
4353,114.25675
4355,102.75738
4356,93.93464
4359,102.75738
4360,94.21358
4361,93.4447
4364,94.53355
4365,102.75738
4368,95.054
4372,95.01067
4374,93.710594
4376,95.01067
4377,103.343346
4380,95.01067
4383,105.067245
4384,95.28741
4385,101.35721
4389,92.4538
4391,94.30493
4392,113.04956
4393,93.89397
4395,91.32058
4396,112.7509
4398,112.27885
4399,94.01364
4401,93.89397
4406,95.406586
4408,103.343346
4412,102.75738
4415,94.21358
4418,113.04956
4419,93.710594
4420,77.75869
4422,112.7509
4423,93.710594
4425,94.21358
4428,110.99179
4431,113.631035
4434,91.61581
4436,94.30493
4437,112.27885
4439,117.82599
4440,94.6013
4441,112.378296
4444,94.34037
4445,103.343346
4446,94.21245
4447,112.25179
4452,103.343346
4456,112.25179
4457,93.93464
4458,111.99671
4460,93.93464
4461,117.82599
4462,94.3474
4465,102.926796
4466,101.35721
4468,95.114365
4469,103.343346
4472,113.26215
4475,94.71392
4478,94.6013
4479,112.378296
4480,94.21245
4483,76.83301
4484,93.06924
4485,103.343346
4486,95.054
4488,94.30493
4489,103.343346
4490,95.01067
4491,101.43807
4492,94.21358
4493,102.75738
4494,94.02712
4495,102.75738
4498,76.328384
4499,95.01067
4500,102.75738
4503,112.27885
4505,102.926796
4506,94.21358
4507,95.01644
4508,102.75738
4510,112.27885
4511,93.89397
4513,95.054
4516,77.75869
4519,93.89397
4521,95.27398
4531,93.89397
4532,77.75869
4533,96.50719
4534,112.378296
4536,102.75738
4537,93.93464
4539,94.21358
4542,102.75738
4545,93.27861
4549,94.13255
4551,94.30493
4554,103.343346
4556,112.85376
4559,112.378296
4561,112.27885
4562,112.40119
4566,110.78385
4569,93.06924
4570,112.7509
4573,94.21245
4574,102.926796
4575,94.21358
4577,93.93464
4578,112.25179
4580,111.99671
4582,91.61581
4583,112.7509
4585,95.01067
4587,102.75738
4595,93.78149
4596,112.25179
4601,94.6013
4602,112.27885
4603,95.01067
4605,112.378296
4606,92.08215
4607,113.26215
4608,94.30493
4610,95.143234
4613,103.343346
4617,94.359184
4618,112.25179
4619,93.78149
4620,95.19823
4622,94.359184
4625,93.93464
4626,102.75738
4627,95.01067
4629,93.710594
4631,93.89397
4633,102.75738
4634,112.25179
4635,94.02712
4639,94.30493
4640,104.74541
4642,103.343346
4644,113.631035
4646,102.75738
4647,95.579735
4648,77.75869
4649,93.06924
4650,112.378296
4655,94.13255
4660,94.21245
4661,116.68933
4662,91.61581
4663,112.27885
4665,94.6013
4666,112.27885
4667,103.343346
4668,95.01067
4670,94.3474
4671,112.48983
4672,95.406586
4673,103.343346
4675,103.343346
4676,95.01067
4677,112.958916
4680,95.143234
4682,94.21245
4683,113.31619
4685,102.75738
4686,93.08057
4688,112.7509
4690,113.04956
4692,112.40119
4693,93.27861
4697,94.13255
4700,112.40119
4702,112.40119
4707,117.82599
4708,93.93464
4710,79.186325
4716,93.0795
4717,95.143234
4718,94.02712
4720,95.143234
4721,79.74148
4723,94.381256
4726,112.27885
4727,93.89397
4729,94.02712
4731,94.6013
4732,113.31619
4735,96.50719
4736,103.343346
4737,95.01067
4738,110.57838
4739,112.25179
4744,103.343346
4747,94.02712
4749,112.24276
4750,93.93464
4752,112.7509
4755,94.34037
4756,103.343346
4757,112.27885
4758,95.01067
4759,102.75738
4763,95.143234
4764,102.75738
4765,93.93464
4766,93.687645
4767,114.45441
4769,112.378296
4770,94.381256
4771,77.38811
4772,102.75738
4774,112.7509
4776,111.95114
4777,112.378296
4778,95.27398
4780,94.3474
4784,94.3474
4786,95.054
4787,77.75869
4788,94.21245
4789,112.7509
4791,102.75738
4792,93.93464
4795,112.378296
4796,92.79858
4803,94.82278
4805,95.143234
4807,94.21245
4809,93.27861
4816,93.06924
4817,75.7293
4818,93.89397
4820,94.02712
4821,102.75738
4823,112.27885
4824,94.381256
4825,112.378296
4829,101.35721
4830,95.4142
4831,112.27885
4833,103.49437
4836,93.89397
4837,112.7509
4838,93.710594
4840,94.381256
4841,77.75869
4842,91.32058
4843,112.25179
4844,93.27861
4849,103.343346
4851,104.469986
4852,93.93464
4858,93.716576
4860,95.4142
4863,112.27885
4864,94.381256
4865,112.27885
4867,114.187775
4868,94.36489
4869,112.27885
4873,93.710594
4875,94.34037
4876,111.832275
4877,94.359184
4878,112.25179
4880,77.75869
4886,112.378296
4888,103.343346
4889,95.01067
4890,112.378296
4893,94.21358
4895,94.641174
4896,102.75738
4899,93.30549
4901,96.50719
4902,112.27885
4903,94.6013
4904,112.7509
4910,92.79858
4912,93.78149
4915,95.19823
4916,104.13653
4917,95.27398
4920,102.75738
4927,103.343346
4928,93.06924
4931,103.343346
4934,93.27861
4936,93.93464
4939,110.72352
4942,112.27885
4943,95.4142
4944,102.75738
4945,94.71392
4947,112.25179
4948,92.79858
4951,94.21245
4952,112.7509
4953,92.902336
4956,94.6013
4957,112.378296
4958,93.28912
4960,93.08057
4968,94.31257
4969,104.2189
4971,103.343346
4973,112.7509
4975,112.7509
4976,93.06924
4978,93.27861
4979,113.02605
4982,94.3474
4983,113.631035
4984,94.359184
4985,117.82599
4986,94.04537
4987,115.37221
4988,94.34037
4994,93.7641
4995,95.4142
5002,77.19857
5004,93.93464
5005,102.75738
5006,94.21358
5007,102.75738
5009,112.25179
5011,112.7509
5014,95.27398
5015,104.13653
5018,94.359184
5019,112.378296
5020,93.27861
5021,112.378296
5022,93.93464
5023,94.04537
5025,95.4142
5032,94.04537
5034,92.79858
5036,93.78149
5038,94.3474
5039,110.78385
5046,92.351135
5049,112.378296
5051,95.01067
5052,94.82278
5053,112.7509
5054,95.4142
5055,95.01067
5057,93.93464
5059,93.27861
5062,95.114365
5063,112.378296
5065,109.97846
5069,93.93464
5071,95.054
5074,112.378296
5075,94.82278
5076,109.8695
5077,77.75869
5079,104.13653
5080,95.23006
5081,112.7509
5083,103.343346
5088,102.75738
5089,94.21358
5093,113.631035
5094,102.75738
5095,94.21358
5099,112.958916
5101,112.27885
5103,102.75738
5104,94.45346
5105,112.378296
5107,94.13255
5108,112.24276
5109,94.45346
5111,93.27861
5112,112.25179
5113,94.45346
5114,112.18289
5115,94.3474
5118,94.21358
5122,95.4142
5123,77.75869
5125,93.93464
5127,102.75738
5128,93.402756
5129,117.67802
5132,94.21358
5134,112.58713
5135,94.21245
5137,112.378296
5142,93.06924
5143,103.343346
5144,94.04573
5148,93.27861
5149,93.93464
5150,103.67702
5154,77.75869
5155,94.381256
5159,94.3474
5164,94.71392
5165,112.25179
5166,93.27861
5167,114.523384
5169,93.710594
5171,93.89397
5172,112.27885
5176,93.687645
5184,114.38544
5185,92.902336
5186,113.84363
5188,103.67702
5189,111.832275
5190,93.06769
5191,112.25179
5193,112.27885
5196,95.01067
5199,77.75869
5200,103.343346
5203,93.710594
5204,111.00159
5205,93.06769
5207,94.45346
5208,101.43807
5212,94.21358
5214,94.45346
5218,94.01364
5220,92.4538
5222,93.89397
5224,95.143234
5225,102.75738
5227,108.86901
5229,102.75738
5232,93.89397
5233,117.82599
5234,101.38722
5237,112.7509
5239,112.958916
5240,93.89397
5241,112.378296
5244,93.27861
5248,112.27885
5251,93.89397
5253,93.93464
5255,94.21358
5256,102.926796
5257,94.53953
5259,95.143234
5260,112.27885
5266,94.30493
5268,94.6013
5275,112.7509
5276,112.378296
5277,93.68269
5279,94.21358
5280,102.75738
5281,95.01067
5283,93.18426
5284,77.33548
5285,95.4142
5286,103.343346
5287,93.06924
5289,93.89397
5290,112.27885
5292,107.3071
5293,95.23006
5294,103.343346
5297,93.78149
5299,101.35721
5302,93.710594
5305,77.75869
5306,94.21358
5308,92.16837
5309,94.381256
5310,112.27885
5312,112.27885
5316,112.378296
5317,95.579735
5319,77.75869
5320,95.4142
5323,94.45346
5329,114.25675
5331,112.25179
5334,112.378296
5336,112.27885
5338,102.75738
5341,94.641174
5345,95.01644
5348,94.6013
5349,112.27885
5355,103.03514
5356,94.17656
5360,103.343346
5362,113.631035
5364,112.40119
5366,103.03514
5367,91.30622
5368,93.94062
5370,90.90307
5371,77.75869
5373,103.343346
5375,112.7509
5376,93.710594
5378,112.40119
5379,94.641174
5383,94.45346
5384,102.926796
5389,112.378296
5391,77.75869
5393,112.27885
5395,112.378296
5397,112.27885
5398,93.06924
5399,112.378296
5401,117.82599
5402,94.82278
5403,112.378296
5404,94.6013
5407,77.75869
5408,95.01067
5413,109.70121
5414,94.45346
5417,95.01067
5418,107.3071
5420,112.7509
5421,92.902336
5424,94.45346
5425,111.00159
5426,93.06769
5429,112.25179
5431,94.21358
5437,102.75738
5440,93.89397
5444,103.343346
5446,104.13653
5447,94.17656
5451,94.30493
5452,101.48113
5455,101.38722
5456,95.01644
5458,92.80456
5459,114.25675
5460,95.01644
5462,95.01067
5463,112.378296
5464,92.79858
5465,112.25179
5466,95.054
5467,103.343346
5468,95.27398
5469,112.27885
5472,93.93464
5474,93.27861
5475,109.8695
5476,95.4142
5479,102.75738
5480,112.7509
5482,113.26215
5485,93.89397
5486,117.82599
5488,78.82031
5495,102.75738
5496,94.641174
5497,112.25179
5499,112.25179
5503,93.78149
5504,94.45346
5507,95.4142
5509,94.01364
5511,94.381256
5512,112.27885
5516,112.7509
5517,95.143234
5518,102.75738
5521,95.01644
5522,102.75738
5527,95.054
5528,93.7641
5529,111.832275
5532,94.01364
5533,113.04956
5535,103.515434
5536,94.641174
5540,93.06924
5547,94.02712
5548,112.378296
5550,77.75869
5551,93.06924
5554,112.378296
5555,94.21245
5559,112.25179
5560,93.89397
5561,112.27885
5562,93.710594
5563,112.7509
5565,76.83301
5566,94.30493
5567,103.343346
5568,95.01067
5572,95.01067
5574,94.21358
5576,95.27398
5579,112.378296
5580,76.94752
5581,95.01067
5583,94.381256
5584,112.378296
5586,112.27885
5587,92.902336
5589,102.75738
5591,102.75738
5592,93.06924
5593,113.04956
5594,95.23006
5595,76.83301
5596,112.7509
5597,113.04956
5598,117.82599
5599,94.71392
5602,112.27885
5603,95.23006
5605,93.06924
5607,93.30549
5608,114.187775
5609,91.32058
5610,94.6013
5612,93.06924
5613,111.832275
5614,94.3474
5616,94.45346
5621,95.01067
5623,94.45346
5628,115.37221
5629,91.64337
5631,94.641174
5633,99.488335
5638,102.75738
5639,94.21358
5640,105.45362
5645,94.30493
5646,77.75869
5649,93.716576
5653,114.469345
5655,112.25179
5656,94.53355
5658,95.01644
5662,117.82599
5663,93.89397
5667,95.01067
5670,94.71392
5671,102.75738
5672,94.21358
5673,102.75738
5674,94.45346
5675,102.926796
5676,94.21358
5679,112.7509
5683,112.25179
5687,95.23006
5688,77.75869
5690,93.68269
5691,112.27885
5692,94.13255
5693,113.7906
5694,95.01067
5697,112.378296
5698,93.89397
5699,112.7509
5704,94.02712
5707,112.7509
5709,102.75738
5710,93.93464
5714,94.30493
5718,94.71392
5721,93.93464
5723,94.3474
5724,109.97846
5725,93.93464
5726,112.18289
5729,95.4142
5730,102.75738
5731,94.02712
5733,77.75869
5736,93.06924
5741,102.926796
5745,112.378296
5747,94.21358
5748,102.75738
5750,112.378296
5751,95.27398
5752,95.01644
5754,93.06924
5755,94.04573
5757,94.6013
5758,117.82599
5760,102.75738
5762,102.75738
5766,113.631035
5768,95.4142
5769,117.82599
5770,94.30493
5771,112.27885
5772,94.04573
5773,113.7906
5774,90.69055
5776,93.89397
5777,112.7509
5778,94.82278
5780,110.78385
5782,93.06924
5783,77.75869
5784,95.4142
5786,94.21245
5788,95.143234
5789,114.25675
5790,94.71392
5791,102.75738
5793,104.469986
5794,94.02712
5796,117.82599
5797,94.45346
5801,92.16837
5803,95.23006
5804,112.27885
5805,93.06924
5806,77.75869
5808,112.378296
5813,94.02712
5815,95.01067
5816,90.035545
5822,93.687645
5823,112.7509
5825,103.343346
5827,112.378296
5829,102.75738
5830,94.71392
5831,114.25675
5832,94.3474
5833,112.378296
5837,115.37221
5838,93.06924
5839,95.143234
5842,105.45362
5844,112.27885
5845,101.35721
5846,112.22371
5848,77.75869
5850,112.27885
5851,93.89397
5853,95.4142
5854,103.343346
5858,105.45362
5860,112.378296
5864,102.75738
5866,95.23006
5867,112.7509
5868,91.32058
5869,112.27885
5870,94.381256
5871,114.469345
5874,112.25179
5876,112.378296
5877,93.89397
5878,94.3474
5879,112.378296
5880,94.359184
5884,93.06924
5886,111.00159
5890,96.50719
5896,94.71392
5897,102.75738
5898,95.4142
5901,104.13653
5903,112.7509
5906,94.6013
5908,112.7509
5909,92.902336
5910,111.832275
5911,94.02712
5912,112.40119
5914,112.25179
5919,112.7509
5924,94.3474
5926,93.93464
5929,103.343346
5930,94.49294
5932,95.143234
5933,112.378296
5934,94.82278
5935,112.27885
5936,94.82278
5937,112.27885
5938,93.30549
5939,109.49167
5942,113.631035
5943,93.93464
5944,104.32423
5946,112.7509
5951,94.13255
5953,102.75738
5954,94.02712
5957,102.75738
5961,94.45346
5962,103.67702
5964,76.328384
5965,95.23006
5968,112.25179
5969,93.27861
5974,94.6013
5975,114.187775
5978,77.75869
5981,102.75738
5982,95.01644
5983,113.84363
5989,112.958916
5991,93.93464
5992,102.926796
5995,94.21358
5996,102.75738
5997,112.378296
5998,94.381256
5999,76.328384
6001,112.25179
6002,93.27861
6003,109.35976
6004,94.02712
6006,112.40119
6007,93.710594
6011,95.27398
6012,103.343346
6014,94.02712
6015,102.75738
6016,95.01067
6017,112.378296
6018,95.4142
6024,94.21358
6025,102.75738
6026,109.97846
6028,112.25179
6029,77.75869
6030,94.04537
6036,112.25179
6040,93.06924
6041,112.27885
6042,94.381256
6044,94.30493
6045,102.75738
6047,102.75738
6048,94.45346
6049,113.631035
6051,117.82599
6052,114.187775
6053,93.89397
6054,112.27885
6058,104.80061
6059,94.45346
6062,95.4142
6063,117.82599
6064,102.75738
6065,93.06924
6067,94.6013
6068,112.27885
6070,102.75738
6071,94.641174
6072,111.00159
6080,111.00159
6081,94.45346
6084,103.67702
6087,94.04573
6089,102.75738
6092,111.00159
6094,93.06924
6095,112.7509
6097,110.5085
6100,94.04537
6104,103.343346
6105,93.06924
6106,112.378296
6107,77.33548
6108,94.359184
6109,111.00159
6110,93.78149
6114,111.00159
6116,93.93464
6117,102.926796
6118,95.01644
6123,77.75869
6125,112.7509
6128,109.046425
6130,102.75738
6132,112.25179
6137,77.75869
6139,112.378296
6140,94.6013
6141,110.5085
6142,104.13653
6144,104.13653
6145,95.01067
6146,93.27861
6149,91.61581
6156,95.01067
6159,109.97846
6160,94.6013
6162,103.343346
6164,111.99671
6165,92.79858
6168,77.75869
6169,112.378296
6170,92.16908
6171,112.378296
6172,91.32058
6173,112.378296
6176,95.4142
6177,91.32058
6178,95.071434
6180,94.45346
6181,102.75738
6182,90.90307
6185,93.06924
6186,112.27885
6188,112.27885
6189,94.6013
6192,103.67702
6193,93.93464
6194,102.75738
6195,90.90307
6196,117.67802
6197,93.06924
6201,112.27885
6202,94.6013
6203,114.187775
6204,93.06924
6207,117.82599
6209,94.3474
6210,94.01364
6211,112.27885
6213,112.27885
6216,91.32058
6217,94.04573
6219,93.06924
6222,77.75869
6223,95.27398
6235,95.4142
6240,94.30493
6242,95.01067
6247,94.45346
6251,111.063255
6254,112.25179
6255,95.01067
6260,102.75738
6261,94.02712
6262,104.80061
6264,112.27885
6269,103.343346
6271,103.03514
6275,112.25179
6276,94.3474
6278,94.641174
6279,112.378296
6281,112.378296
6284,93.89397
6286,90.90307
6287,75.08579
6288,94.21245
6292,94.36489
6293,93.06924
6295,95.18186
6298,112.40119
6300,112.25179
6304,102.75738
6308,112.40119
6310,95.143234
6312,111.00159
6320,94.02712
6324,91.61581
6325,112.378296
6330,95.054
6336,112.378296
6340,103.03514
6341,95.4142
6342,103.67702
6344,94.21245
6345,113.31619
6347,112.378296
6348,94.3474
6349,112.40119
6351,77.75869
6353,112.27885
6354,93.06924
6357,93.93464
6358,103.761
6360,102.75738
6363,115.37221
6364,93.89397
6368,109.97846
6370,93.27861
6371,94.02712
6377,93.47084
6379,94.45346
6381,93.89397
6382,77.75869
6383,112.378296
6388,112.27885
6390,112.27885
6392,102.75738
6393,94.71392
6395,95.01067
6398,102.75738
6401,77.75869
6402,93.30549
6403,111.832275
6405,94.6013
6406,93.89397
6407,112.7509
6409,102.75738
6411,94.3474
6413,93.08057
6416,105.45362
6417,95.27398
6418,94.381256
6419,117.82599
6420,112.25179
6426,113.31619
6429,94.04537
6430,93.93464
6431,111.832275
6432,94.3474
6434,94.45346
6437,112.25179
6438,95.01644
6439,102.75738
6440,93.93464
6441,94.3474
6442,111.00159
6443,94.359184
6445,94.21358
6448,112.7509
6450,112.25179
6453,95.19823
6455,94.23696
6457,94.6013
6458,113.631035
6461,95.01067
6464,112.27885
6467,94.45346
6469,95.054
6470,76.94752
6471,94.6013
6473,102.75738
6474,93.93464
6479,95.01067
6481,94.36489
6484,112.27885
6495,93.89397
6496,112.25179
6505,111.49546
6506,95.071434
6508,95.4142
6509,94.21245
6510,102.75738
6512,102.75738
6513,94.02712
6514,112.378296
6515,93.89397
6519,95.143234
6521,94.30493
6523,77.75869
6525,105.45362
6526,94.45346
6528,95.01644
6529,114.25675
6531,103.343346
6533,103.67702
6534,93.93464
6535,112.7509
6536,94.13255
6537,112.27885
6540,94.381256
6541,112.378296
6547,94.641174
6548,113.631035
6551,112.27885
6553,111.49546
6555,103.67702
6556,95.4142
6561,77.75869
6564,94.381256
6565,112.7509
6568,94.21358
6569,111.00159
6573,101.60709
6574,95.01067
6577,112.27885
6579,115.37221
6581,93.27861
6582,111.832275
6585,90.035545
6586,95.143234
6589,102.75738
6590,77.75869
6593,94.04537
6594,112.378296
6595,91.317444
6599,94.359184
6600,94.3474
6601,112.48915
6602,93.89397
6603,112.7509
6604,92.16908
6607,103.343346
6608,103.343346
6609,95.01067
6611,94.45346
6613,111.00159
6614,94.6013
6616,93.89397
6617,111.00159
6618,94.02712
6619,101.70916
6621,103.67702
6627,102.301575
6629,112.27885
6631,77.75869
6634,95.01067
6636,94.02712
6638,94.21358
6639,111.00159
6641,112.7509
6642,95.18186
6651,117.67802
6654,75.823685
6657,94.21358
6663,93.716576
6665,113.547165
6666,93.27861
6668,94.02712
6669,103.67702
6670,94.21358
6671,99.61513
6673,95.406586
6675,94.381256
6676,77.75869
6677,94.21245
6679,94.381256
6680,112.378296
6681,102.75738
6685,102.75738
6688,93.93464
6689,91.317444
6690,109.35976
6692,111.00159
6693,94.3474
6694,94.45346
6698,117.82599
6699,93.06924
6700,112.27885
6701,94.6013
6702,112.27885
6704,91.317444
6707,111.49546
6712,112.7509
6713,93.89397
6715,96.50719
6721,112.25179
6722,93.06924
6723,112.27885
6724,94.04573
6725,117.82599
6731,112.27885
6735,86.95477
6736,96.50719
6737,107.3071
6738,90.90307
6739,102.926796
6741,102.75738
6743,94.36489
6745,94.02712
6747,112.25179
6749,93.06924
6750,103.343346
6751,117.82599
6752,94.641174
6753,111.00159
6755,112.378296
6756,94.30493
6757,103.343346
6759,112.27885
6761,93.89397
6763,94.6013
6764,117.82599
6765,94.30493
6766,112.27885
6768,112.40119
6771,91.317444
6773,94.53355
6774,94.21358
6778,103.343346
6779,97.64661
6781,91.32058
6784,93.08057
6786,94.36489
6787,114.187775
6790,93.06769
6793,104.74541
6795,111.00159
6798,112.27885
6806,103.49437
6807,94.21358
6810,93.93464
6815,113.631035
6816,93.78149
6817,103.49437
6818,94.71392
6819,102.75738
6820,94.21358
6822,94.359184
6823,117.82599
6824,112.378296
6825,93.27861
6828,77.75869
6829,112.25179
6831,112.25179
6832,93.06924
6833,112.378296
6834,94.6013
6836,94.04537
6837,112.7509
6838,93.89397
6840,102.926796
6843,93.89397
6845,93.89397
6846,93.06924
6847,112.378296
6851,113.04956
6852,93.30549
6853,112.18289
6858,94.641174
6861,112.27885
6863,112.48915
6864,77.75869
6865,92.295876
6866,112.7509
6867,95.054
6868,103.67702
6869,94.71392
6870,112.378296
6874,113.631035
6875,94.3474
6877,112.40119
6878,93.06769
6880,94.02712
6883,112.40119
6884,94.359184
6886,95.01067
6890,95.18186
6893,112.378296
6894,93.78149
6899,112.40119
6900,93.27861
6904,91.61581
6905,112.378296
6906,91.32058
6910,93.716576
6912,102.926796
6913,113.26827
6920,94.30493
6922,94.381256
6923,111.00159
6926,94.21358
6927,112.378296
6928,94.82278
6931,108.56306
6933,93.93464
6936,91.32058
6937,112.7509
6939,116.256294
6941,94.36489
6942,112.54029
6943,94.45346
6944,102.926796
6945,95.01644
6946,113.631035
6947,117.82599
6949,102.75738
6951,102.75738
6953,113.7906
6954,94.6013
6955,112.378296
6963,108.86901
6964,92.80456
6966,94.6013
6968,93.06924
6970,102.75738
6972,112.958916
6976,110.57838
6978,112.7509
6981,102.97115
6985,103.343346
6986,93.06924
6987,112.25179
6989,114.469345
6991,117.82599
6993,113.72444
6994,93.7641
6995,112.40119
6996,94.3474
6997,112.25179
6998,76.83301
7001,108.86901
7003,112.958916
7006,95.01644
7008,94.71392
7010,93.89397
7011,94.30493
7012,116.256294
7013,93.89397
7014,112.27885
7017,103.761
7018,94.02712
7019,93.89397
7023,95.01644
7024,102.926796
7025,93.06924
7026,112.27885
7027,93.89397
7028,113.72444
7030,111.00159
7031,93.06769
7033,112.378296
7036,94.21245
7037,95.01644
7039,93.93464
7044,93.89397
7045,112.7509
7046,94.04537
7049,104.80061
7050,95.071434
7051,102.75738
7054,108.662506
7055,94.381256
7057,93.93464
7060,112.40119
7061,95.4142
7063,91.32058
7064,112.378296
7067,94.02712
7071,95.27398
7074,102.75738
7075,94.53355
7078,112.7509
7079,91.317444
7080,114.187775
7081,95.23006
7082,112.7509
7083,94.82278
7085,109.8695
7092,102.75738
7094,94.71392
7100,94.381256
7101,112.378296
7102,112.7509
7104,112.378296
7105,95.4142
7106,94.02712
7107,101.70916
7108,77.75869
7109,94.381256
7110,112.7509
7112,94.21358
7113,102.75738
7114,94.641174
7116,112.7509
7117,95.4142
7118,104.13653
7120,95.01067
7121,102.75738
7123,102.75738
7124,95.143234
7127,103.343346
7131,102.75738
7132,94.71392
7133,93.89397
7134,112.27885
7135,91.317444
7136,112.27885
7137,93.06924
7141,94.381256
7144,102.75738
7147,112.378296
7148,90.69055
7150,92.902336
7151,95.01067
7152,102.75738
7154,93.06924
7156,95.01067
7157,103.343346
7159,117.82599
7161,95.054
7163,94.30493
7164,103.49437
7167,77.75869
7169,104.13653
7170,95.01067
7173,94.30493
7174,103.343346
7177,112.27885
7178,103.343346
7179,94.30493
7180,79.213005
7181,112.378296
7182,94.3474
7184,94.02712
7185,112.25179
7186,92.68319
7187,117.67802
7188,93.89397
7189,112.378296
7191,102.75738
7193,108.86901
7197,94.381256
7199,93.68269
7200,112.7509
7201,91.317444
7204,93.27861
7207,112.25179
7209,112.48915
7210,93.93464
7211,105.067245
7213,93.30549
7214,112.25179
7216,112.25179
7217,94.3474
7220,112.40119
7224,111.00159
7225,94.3474
7226,112.25179
7227,93.93464
7234,112.25179
7236,83.26115
7239,103.343346
7240,95.01067
7242,115.37221
7244,112.25179
7245,93.78149
7247,113.631035
7248,92.79858
7249,117.82599
7250,112.27885
7251,92.902336
7252,112.27885
7253,77.75869
7256,95.01067
7260,94.6013
7261,112.378296
7264,94.21358
7269,109.97846
7270,94.3474
7273,112.40119
7279,92.8662
7281,112.378296
7284,91.61581
7285,111.14269
7286,117.82599
7287,93.27861
7289,94.02712
7292,93.06924
7293,112.7509
7296,95.406586
7297,112.378296
7298,91.61581
7299,112.378296
7301,102.75738
7304,112.25179
7306,112.958916
7308,94.02712
7309,101.35721
7312,93.06924
7313,77.75869
7314,94.6013
7316,94.82278
7319,112.27885
7321,95.27398
7323,95.4142
7324,102.75738
7325,93.93464
7328,103.49437
7330,77.75869
7334,93.93464
7337,112.25179
7338,94.71392
7339,94.3474
7341,92.79858
7342,112.25179
7344,111.99671
7345,112.24276
7347,108.86901
7349,112.378296
7350,94.21245
7353,113.04956
7355,112.27885
7356,94.04573
7357,112.378296
7358,94.34037
7360,92.16837
7363,104.32423
7364,94.21358
7366,94.45346
7368,95.01644
7369,112.378296
7370,94.04573
7373,94.3474
7374,114.25675
7375,94.45346
7377,95.01067
7379,94.01364
7380,117.82599
7382,112.18289
7383,94.3474
7385,94.641174
7386,102.75738
7391,95.071434
7394,99.676926
7396,112.27885
7397,93.08057
7399,95.01067
7400,102.75738
7403,77.75869
7405,112.378296
7408,112.18289
7414,112.48915
7416,104.80061
7417,90.256226
7419,94.31257
7420,88.943146
7421,95.23006
7422,94.21358
7423,104.32423
7425,77.75869
7430,92.15288
7432,94.21358
7433,94.641174
7434,112.25179
7436,108.662506
7437,93.06924
7438,103.343346
7440,105.067245
7441,94.45346
7442,112.25179
7445,114.187775
7446,103.49437
7448,112.378296
7450,101.09225
7451,94.02712
7454,111.95114
7455,94.23696
7457,112.27885
7459,103.49437
7462,93.27861
7464,94.02712
7465,113.547165
7466,93.27861
7467,112.378296
7469,113.31619
7472,93.7641
7473,111.00159
7479,93.93464
7480,102.75738
7484,111.49546
7491,93.93464
7494,104.80061
7495,94.45346
7501,93.06769
7503,93.93464
7504,102.75738
7505,92.16908
7508,112.27885
7509,94.13255
7510,77.75869
7511,109.97846
7515,94.71392
7516,103.761
7517,94.21358
7518,103.67702
7519,93.93464
7521,94.21358
7522,102.75738
7524,104.74541
7526,102.75738
7527,95.01644
7528,102.75738
7529,95.01644
7534,110.57838
7537,113.31619
7538,93.687645
7540,94.641174
7541,112.27885
7545,112.378296
7551,113.26827
7553,93.93464
7554,102.75738
7555,94.21358
7561,112.27885
7562,94.381256
7564,94.45346
7565,105.067245
7566,95.01067
7567,113.7906
7569,102.75738
7570,95.071434
7571,117.67802
7572,94.01364
7574,103.343346
7578,112.378296
7579,94.381256
7586,93.06924
7587,77.22537
7590,93.93464
7593,111.00159
7594,94.641174
7595,95.01067
7600,93.06924
7601,80.627884
7602,94.6013
7603,112.27885
7604,93.06924
7606,93.29506
7608,113.26827
7613,77.75869
7615,112.25179
7616,108.662506
7617,112.27885
7618,95.01644
7619,102.75738
7622,94.641174
7623,102.75738
7624,94.21358
7625,103.761
7626,93.93464
7627,102.75738
7628,77.75869
7631,102.75738
7632,102.75738
7633,95.01067
7634,113.53905
7635,94.381256
7636,112.25179
7637,112.25179
7639,93.06924
7640,77.75869
7644,112.7509
7645,94.6013
7648,102.75738
7649,94.21358
7650,112.378296
7652,113.547165
7653,92.79858
7655,93.27861
7659,112.27885
7662,94.381256
7664,94.36489
7666,95.143234
7668,95.27398
7669,112.958916
7670,91.30622
7672,94.21358
7673,112.378296
7678,93.06924
7679,78.653336
7680,103.67702
7683,93.89397
7685,117.82599
7688,94.02712
7690,108.662506
7692,93.93464
7693,95.01067
7695,112.25179
7696,94.45346
7698,94.3474
7699,112.25179
7702,92.79858
7703,112.25179
7704,94.21358
7707,109.97846
7713,77.75869
7715,103.343346
7717,112.27885
7718,92.15288
7719,104.13653
7721,113.53905
7722,95.054
7725,101.35721
7727,102.75738
7730,76.94752
7733,91.317444
7735,102.75738
7740,112.25179
7741,112.25179
7742,93.78149
7744,114.523384
7747,94.71392
7750,77.75869
7752,112.27885
7754,112.378296
7756,103.343346
7757,95.4142
7758,102.75738
7760,103.67702
7761,95.01067
7763,116.85648
7765,93.93464
7767,112.25179
7768,93.93464
7771,95.01067
7773,93.28912
7774,114.523384
7776,105.067245
7779,94.45346
7783,94.359184
7786,104.13653
7787,96.50719
7789,94.45346
7791,95.01644
7793,94.641174
7794,112.18289
7795,94.3474
7799,77.75869
7800,109.71171
7802,94.21358
7805,90.035545
7807,102.75738
7808,94.21358
7811,102.75738
7817,108.662506
7818,102.75738
7819,94.02712
7822,93.06924
7823,112.378296
7825,112.25179
7828,93.27861
7832,94.6013
7833,77.75869
7834,114.469345
7835,93.94062
7837,95.01067
7840,94.30493
7842,94.381256
7843,112.378296
7844,93.93464
7846,95.01067
7850,92.11768
7853,112.7509
7855,113.26827
7858,94.71392
7863,112.27885
7865,112.7509
7866,94.01364
7868,93.89397
7869,112.27885
7871,77.75869
7872,102.926796
7874,102.75738
7877,112.27885
7878,94.6013
7879,112.378296
7881,94.3474
7883,93.94062
7885,102.54762
7886,93.93464
7889,95.143234
7890,104.74541
7891,94.21245
7893,90.90307
7894,102.97115
7896,112.378296
7898,102.75738
7901,94.71392
7902,108.86901
7904,113.04956
7905,93.4447
7906,113.2741
7909,94.02712
7910,102.75738
7913,93.27861
7918,112.7509
7919,91.317444
7923,91.32058
7925,95.01067
7927,93.89397
7930,94.71392
7932,95.18186
7933,94.82278
7935,90.256226
7939,101.60709
7942,93.06769
7943,109.70121
7945,104.80061
7946,95.01644
7948,94.71392
7949,111.00159
7950,93.78149
7951,112.25179
7955,102.75738
7959,94.21358
7960,112.25179
7961,94.30493
7962,103.343346
7964,105.13204
7965,95.23006
7966,112.7509
7967,104.13653
7968,95.143234
7971,103.343346
7974,91.317444
7976,101.43807
7978,112.27885
7982,112.25179
7983,94.02712
7984,102.75738
7986,94.04573
7989,111.00159
7991,108.86901
7992,112.27885
7993,94.04537
7994,112.7509
7995,94.6013
7997,92.16837
7998,102.75738
7999,108.662506
8002,93.89397
8007,94.381256
8009,95.27398
8011,94.381256
8013,95.23006
8015,102.75738
8017,112.27885
8019,117.82599
8023,94.45346
8024,112.25179
8026,112.27885
8027,92.902336
8029,94.30493
8030,112.378296
8031,94.381256
8033,94.91665
8035,93.93464
8036,103.16374
8039,103.343346
8042,93.89397
8044,92.79858
8046,77.44642
8048,112.378296
8049,93.4447
8050,102.75738
8053,94.45346
8054,92.4538
8059,93.06924
8061,94.381256
8062,112.378296
8064,112.40119
8066,104.478775
8067,93.7641
8068,91.64337
8070,94.21245
8071,112.7509
8072,94.04537
8076,92.902336
8080,92.79858
8081,112.25179
8084,94.641174
8087,114.25675
8089,91.32058
8090,117.82599
8091,102.75738
8094,112.27885
8100,92.79858
8101,95.143234
8110,95.01644
8111,108.86901
8112,94.21358
8115,112.54029
8116,93.88527
8118,112.40119
8121,117.82599
8125,112.27885
8127,113.04956
8128,94.04537
8129,108.86901
8131,93.84586
8138,95.01644
8139,102.75738
8140,93.06924
8141,93.28912
8142,112.378296
8143,112.25179
8145,112.27885
8146,91.61581
8148,112.48915
8153,112.27885
8154,91.32058
8155,112.25179
8161,90.90307
8162,112.378296
8163,94.13255
8166,112.27885
8168,112.27885
8170,94.04537
8172,108.86901
8173,91.317444
8176,102.75738
8179,94.45346
8181,95.01067
8182,117.82599
8184,112.27885
8190,103.67702
8191,94.21358
8194,114.25675
8196,112.958916
8198,113.31619
8199,112.7509
8201,112.27885
8202,93.06924
8207,95.23006
8208,108.86901
8211,112.27885
8214,112.43704
8217,94.45346
8218,112.18289
8222,93.93464
8229,107.3071
8231,94.381256
8233,95.143234
8236,94.45346
8238,112.25179
8240,102.75738
8243,104.469986
8246,114.187775
8250,93.78149
8254,95.054
8256,77.75869
8257,111.99671
8258,93.27861
8260,94.02712
8261,111.99671
8263,115.37221
8264,95.01644
8267,112.378296
8268,93.27861
8271,94.04537
8272,108.86901
8275,94.21245
8276,95.143234
8277,104.13653
8278,117.82599
8279,92.902336
8280,112.378296
8281,93.93464
8282,111.99671
8287,112.27885
8288,91.317444
8289,112.25179
8294,93.28912
8296,93.28912
8299,114.469345
8302,102.75738
8308,112.27885
8314,103.343346
8315,94.34037
8316,112.958916
8317,94.381256
8319,112.27885
8320,93.89397
8321,117.82599
8323,93.93464
8325,90.90307
8326,112.27885
8328,108.86901
8330,109.71171
8331,92.4538
8332,112.378296
8334,95.01644
8338,94.13255
8339,94.53355
8341,93.28912
8345,112.7509
8346,95.01067
8347,103.343346
8349,95.01644
8351,90.90307
8352,112.27885
8353,108.86901
8355,110.57838
8358,108.662506
8359,109.71171
8360,93.687645
8361,112.85376
8363,103.343346
8364,94.30493
8365,95.143234
8366,102.75738
8370,112.25179
8372,90.90307
8376,95.4142
8377,116.610886
8379,112.25179
8380,94.82278
8381,112.27885
8386,91.32058
8388,102.75738
8389,93.94062
8391,112.378296
8394,95.054
8396,103.343346
8398,102.926796
8400,112.27885
8401,92.4538
8404,93.28912
8407,94.21358
8408,112.378296
8409,108.86901
8410,103.343346
8411,93.06924
8413,94.04537
8414,112.27885
8416,93.06924
