,ID,y
0,1,82.37881
1,2,97.34493
2,3,77.446144
3,4,82.37881
4,5,112.378296
5,8,93.89397
6,10,114.25675
7,11,93.93464
8,12,117.82599
9,14,94.21358
10,15,117.82599
11,16,103.515434
12,17,93.28912
13,19,95.01644
14,20,105.067245
15,21,93.28912
16,22,117.82599
17,23,93.28912
18,26,95.01067
19,28,94.04537
20,29,93.28912
21,33,93.28912
22,35,95.01067
23,41,93.28912
24,42,93.89397
25,43,117.82599
26,45,102.926796
27,46,102.75738
28,51,94.02712
29,53,77.22537
30,55,112.378296
31,56,95.27398
32,57,103.343346
33,58,95.054
34,59,102.301575
35,63,112.25179
36,64,95.01644
37,65,105.067245
38,69,92.295876
39,71,95.143234
40,72,102.75738
41,73,95.28741
42,76,102.301575
43,77,104.13653
44,78,117.67802
45,82,95.28741
46,83,105.067245
47,84,94.45346
48,85,102.75738
49,87,112.27885
50,88,93.28912
51,89,114.469345
52,91,94.30493
53,93,94.34037
54,94,104.13653
55,95,92.16837
56,96,112.27885
57,97,93.89397
58,98,112.378296
59,99,95.27398
60,101,102.75738
61,103,114.469345
62,104,94.3474
63,105,112.378296
64,110,95.114365
65,111,112.378296
66,113,112.378296
67,114,94.82278
68,115,112.958916
69,117,114.469345
70,120,94.04537
71,121,112.27885
72,122,93.89397
73,123,112.378296
74,126,111.14269
75,132,112.48915
76,135,103.665184
77,137,102.75738
78,138,95.01644
79,140,95.27398
80,142,112.958916
81,144,112.27885
82,148,93.89397
83,149,113.04956
84,155,91.61581
85,156,112.27885
86,157,93.89397
87,162,112.27885
88,163,99.61513
89,167,93.710594
90,172,117.82599
91,179,112.378296
92,180,93.89397
93,181,112.25179
94,182,95.071434
95,183,114.469345
96,185,114.469345
97,187,112.25179
98,188,95.28741
99,189,94.02712
100,191,93.27861
101,192,112.48983
102,193,93.93464
103,194,112.25179
104,195,93.27861
105,196,114.469345
106,198,94.34037
107,199,112.27885
108,201,105.067245
109,204,95.01644
110,205,103.515434
111,206,94.641174
112,210,94.45346
113,211,102.75738
114,216,112.27885
115,219,117.82599
116,220,94.3474
117,221,112.378296
118,226,112.25179
119,227,93.27861
120,228,112.27885
121,230,112.27885
122,231,93.89397
123,235,117.82599
124,236,94.21245
125,238,112.27885
126,242,104.13653
127,243,94.30493
128,244,78.82031
129,245,112.43704
130,247,112.378296
131,248,93.89397
132,249,93.89397
133,250,112.27885
134,251,94.21245
135,253,117.82599
136,254,94.23703
137,256,94.30493
138,257,93.89397
139,258,112.27885
140,259,95.27398
141,262,80.23963
142,266,92.902336
143,267,112.378296
144,272,102.75738
145,273,114.469345
146,275,93.89397
147,276,112.7509
148,279,94.21358
149,280,105.067245
150,283,94.04573
151,285,112.27885
152,288,114.469345
153,289,85.18231
154,290,105.067245
155,291,94.21358
156,292,112.25179
157,293,112.40119
158,296,93.89397
159,297,112.378296
160,298,117.67802
161,299,95.28741
162,304,93.78149
163,305,85.36029
164,306,93.93464
165,307,112.25179
166,311,102.75738
167,313,112.25179
168,314,93.27861
169,316,94.53355
170,324,93.08057
171,327,95.7761
172,329,93.78149
173,330,112.25179
174,337,104.80061
175,338,95.071434
176,339,105.067245
177,340,95.01644
178,343,93.89397
179,345,117.82599
180,346,91.32058
181,347,112.378296
182,349,112.958916
183,350,94.82278
184,352,112.378296
185,353,94.82278
186,354,78.82031
187,357,94.30493
188,358,112.378296
189,362,112.25179
190,364,112.15096
191,365,102.75738
192,366,94.92721
193,367,112.25179
194,368,95.01644
195,370,76.94752
196,373,95.054
197,377,93.27861
198,378,112.40119
199,382,102.301575
200,384,112.27885
201,390,92.16837
202,392,112.378296
203,393,110.72352
204,395,95.071434
205,396,105.067245
206,399,78.60389
207,406,112.25179
208,408,112.25179
209,409,94.3474
210,410,77.75869
211,412,112.378296
212,413,93.89397
213,419,92.16837
214,420,112.378296
215,421,93.89397
216,430,93.14819
217,434,94.02712
218,436,95.01644
219,437,95.27398
220,438,93.89397
221,439,112.27885
222,440,95.27398
223,443,113.84363
224,446,95.01644
225,448,93.06924
226,452,94.21245
227,453,103.343346
228,457,105.067245
229,458,94.02712
230,459,115.37221
231,460,103.343346
232,462,104.13653
233,464,103.343346
234,465,117.82599
235,467,112.378296
236,471,112.24276
237,472,77.75869
238,473,94.01364
239,475,95.01644
240,480,94.34037
241,488,111.34374
242,490,112.25179
243,491,102.75738
244,492,77.446144
245,493,94.30493
246,497,91.32058
247,498,112.378296
248,499,95.01067
249,500,102.75738
250,501,94.02712
251,502,112.378296
252,506,77.22537
253,510,112.40119
254,511,92.79858
255,512,93.78149
256,516,93.89397
257,518,93.27861
258,519,112.378296
259,521,91.32058
260,522,112.27885
261,526,112.27885
262,529,95.406586
263,532,112.27885
264,533,93.06924
265,536,112.7509
266,537,94.359184
267,539,95.28741
268,540,102.75738
269,541,95.01644
270,543,94.02712
271,546,112.378296
272,547,94.21245
273,548,75.823685
274,551,94.30493
275,552,103.343346
276,556,104.13653
277,557,95.579735
278,558,112.25179
279,559,94.21358
280,560,103.515434
281,562,103.515434
282,566,95.23006
283,570,112.378296
284,571,95.27398
285,572,105.067245
286,573,95.28741
287,575,117.82599
288,576,112.378296
289,577,94.82278
290,579,93.89397
291,580,112.378296
292,581,112.48915
293,589,112.25179
294,591,102.75738
295,593,94.21358
296,594,102.75738
297,595,93.93464
298,598,94.30493
299,602,112.378296
300,604,112.27885
301,606,112.958916
302,608,94.92721
303,609,102.75738
304,610,94.02712
305,616,112.378296
306,617,95.01067
307,618,102.75738
308,620,102.75738
309,622,111.88423
310,623,93.89397
311,624,89.76959
312,626,112.27885
313,628,112.27885
314,629,94.82278
315,630,112.27885
316,637,95.071434
317,638,104.80061
318,643,94.641174
319,645,94.34037
320,646,112.378296
321,648,95.143234
322,652,95.23006
323,653,95.27398
324,654,112.378296
325,656,112.378296
326,657,94.01364
327,659,90.256226
328,660,103.343346
329,663,94.04573
330,664,112.27885
331,666,103.343346
332,668,112.378296
333,669,90.69055
334,671,95.01067
335,675,93.89397
336,677,94.21245
337,678,112.43704
338,679,103.30177
339,682,94.34037
340,685,103.343346
341,687,95.01644
342,688,92.80456
343,693,111.41218
344,696,95.7761
345,698,95.01067
346,701,93.68269
347,704,104.13653
348,705,117.82599
349,709,112.378296
350,710,94.30493
351,711,104.74541
352,712,94.34037
353,714,112.27885
354,715,94.13255
355,716,112.25179
356,717,94.3474
357,720,117.82599
358,721,93.27861
359,724,101.35721
360,725,95.01644
361,726,112.24276
362,728,111.49546
363,731,94.04537
364,734,103.343346
365,738,94.3474
366,745,112.378296
367,746,93.78149
368,751,75.43644
369,754,94.6013
370,756,94.04537
371,758,95.406586
372,759,113.72444
373,761,117.82599
374,766,93.75837
375,767,112.378296
376,768,93.89397
377,769,113.04956
378,770,95.4142
379,771,77.446144
380,772,103.343346
381,773,94.30493
382,774,112.378296
383,776,112.27885
384,777,95.27398
385,780,117.82599
386,782,102.75738
387,787,102.75738
388,788,95.28741
389,792,93.89397
390,793,112.378296
391,798,95.27398
392,800,93.89397
393,806,112.25179
394,809,112.27885
395,811,113.04956
396,812,94.82278
397,814,117.82599
398,816,102.75738
399,817,94.21358
400,818,102.75738
401,820,114.469345
402,823,94.02712
403,829,93.89397
404,830,113.72444
405,831,91.32058
406,834,112.27885
407,839,94.17656
408,841,76.83301
409,844,102.75738
410,845,94.02712
411,848,93.78149
412,850,96.50719
413,851,103.343346
414,852,90.256226
415,854,93.06924
416,855,95.054
417,856,102.75738
418,859,103.343346
419,861,112.378296
420,864,94.30493
421,865,112.378296
422,866,94.04573
423,867,92.558556
424,869,95.23006
425,871,94.82278
426,872,112.25179
427,882,102.75738
428,883,94.02712
429,885,94.21358
430,888,95.7761
431,893,112.25179
432,901,112.43704
433,903,102.75738
434,904,95.01067
435,905,103.343346
436,910,94.34037
437,911,112.27885
438,914,112.7509
439,918,111.95114
440,921,93.89397
441,928,94.30493
442,929,103.343346
443,932,91.938065
444,933,104.13653
445,934,94.34037
446,935,112.378296
447,937,79.123985
448,939,95.28741
449,940,102.75738
450,941,94.30493
451,942,103.343346
452,943,95.01067
453,944,103.343346
454,947,112.25179
455,949,112.378296
456,951,113.631035
457,952,94.21358
458,953,102.75738
459,954,75.51848
460,957,112.27885
461,959,93.89397
462,960,112.27885
463,963,117.82599
464,965,112.25179
465,967,103.343346
466,971,94.30493
467,972,77.75869
468,973,95.01067
469,974,112.27885
470,975,95.406586
471,978,113.7906
472,980,112.378296
473,981,95.01067
474,984,112.7509
475,986,94.34037
476,988,93.89397
477,989,112.27885
478,990,102.75738
479,992,112.43704
480,996,95.27398
481,999,112.27885
482,1000,93.88527
483,1001,112.378296
484,1002,93.89397
485,1003,112.27885
486,1004,93.89397
487,1008,112.27885
488,1009,90.256226
489,1010,104.13653
490,1012,112.27885
491,1013,91.317444
492,1014,111.95114
493,1015,94.82278
494,1016,117.82599
495,1019,94.82278
496,1020,112.27885
497,1021,94.34037
498,1022,104.13653
499,1024,94.34037
500,1025,77.15237
501,1027,95.23006
502,1028,103.343346
503,1029,93.68269
504,1030,94.21358
505,1033,112.27885
506,1036,93.27861
507,1037,112.378296
508,1038,93.78149
509,1042,95.28741
510,1043,102.75738
511,1044,94.30493
512,1045,112.27885
513,1047,115.37221
514,1050,94.02712
515,1051,112.25179
516,1054,94.02712
517,1056,95.01067
518,1057,94.02712
519,1059,95.01644
520,1062,93.0795
521,1063,104.13653
522,1064,95.01067
523,1066,94.30493
524,1070,103.343346
525,1076,112.27885
526,1077,94.01364
527,1078,112.27885
528,1080,112.25179
529,1082,112.48983
530,1083,95.7761
531,1089,111.65709
532,1091,95.7761
533,1093,95.01644
534,1097,95.01067
535,1099,94.82278
536,1101,94.34037
537,1103,95.406586
538,1104,112.27885
539,1106,111.34374
540,1109,93.27861
541,1110,112.25179
542,1111,94.53355
543,1112,111.43319
544,1114,94.02712
545,1116,94.3474
546,1117,112.378296
547,1120,94.04537
548,1124,112.27885
549,1125,93.89397
550,1126,112.27885
551,1134,112.378296
552,1137,93.89397
553,1138,112.27885
554,1144,112.25179
555,1145,93.93464
556,1146,93.27861
557,1148,95.406586
558,1150,94.04537
559,1152,102.75738
560,1153,94.21358
561,1154,102.75738
562,1155,95.28741
563,1157,94.359184
564,1162,95.28741
565,1165,112.27885
566,1166,92.16837
567,1167,104.13653
568,1168,94.34037
569,1169,103.343346
570,1171,117.82599
571,1172,95.579735
572,1173,103.343346
573,1174,94.30493
574,1176,95.054
575,1177,103.343346
576,1178,94.30493
577,1182,112.27885
578,1186,94.34037
579,1187,112.378296
580,1188,93.89397
581,1189,117.82599
582,1191,102.301575
583,1192,95.28741
584,1197,112.378296
585,1198,94.05245
586,1200,77.75869
587,1201,94.21245
588,1203,95.4142
589,1209,117.82599
590,1214,103.343346
591,1218,113.06975
592,1222,94.6013
593,1226,94.21358
594,1228,94.30493
595,1230,93.28912
596,1232,77.75869
597,1233,94.01364
598,1236,115.37221
599,1238,94.30493
600,1241,112.25179
601,1244,105.067245
602,1246,94.6013
603,1247,112.378296
604,1250,112.378296
605,1251,94.82278
606,1254,111.95114
607,1255,94.30493
608,1256,108.662506
609,1257,91.61581
610,1258,94.359184
611,1259,112.25179
612,1260,94.21358
613,1263,112.25179
614,1267,77.33548
615,1268,111.00159
616,1271,95.28741
617,1272,112.25179
618,1274,102.75738
619,1275,95.28741
620,1276,112.25179
621,1277,93.78149
622,1279,93.27861
623,1281,94.45346
624,1282,93.89397
625,1283,112.378296
626,1285,112.27885
627,1286,93.89397
628,1289,112.27885
629,1296,114.45441
630,1299,94.04537
631,1301,95.27398
632,1306,94.13255
633,1307,94.30493
634,1308,93.27861
635,1313,112.25179
636,1314,95.01644
637,1315,112.25179
638,1316,93.27861
639,1317,112.25179
640,1319,93.78149
641,1323,94.34037
642,1324,103.343346
643,1325,94.30493
644,1328,104.13653
645,1329,95.01067
646,1330,112.378296
647,1331,92.730415
648,1332,103.343346
649,1337,94.21358
650,1338,112.40119
651,1339,91.32058
652,1340,112.378296
653,1343,112.58713
654,1347,103.343346
655,1348,94.30493
656,1349,103.343346
657,1352,93.27861
658,1354,95.054
659,1359,112.27885
660,1360,94.34037
661,1363,112.25179
662,1364,95.7761
663,1365,102.75738
664,1366,94.21358
665,1372,94.21358
666,1375,103.49437
667,1376,94.02712
668,1378,91.32058
669,1379,112.7509
670,1380,94.34037
671,1381,103.343346
672,1384,112.958916
673,1387,94.04537
674,1388,112.27885
675,1392,80.627884
676,1394,104.469986
677,1395,94.21358
678,1396,112.25179
679,1398,93.93464
680,1399,112.25179
681,1400,93.78149
682,1401,93.78149
683,1403,94.02712
684,1404,112.48983
685,1406,112.25179
686,1407,94.02712
687,1408,112.25179
688,1410,77.33548
689,1412,112.25179
690,1413,95.01644
691,1415,95.01644
692,1420,112.25179
693,1422,113.06975
694,1423,102.90605
695,1424,112.25179
696,1425,94.21358
697,1426,77.33548
698,1427,95.4142
699,1429,93.710594
700,1430,112.378296
701,1431,95.054
702,1432,103.343346
703,1434,112.27885
704,1437,95.28741
705,1438,102.75738
706,1440,112.27885
707,1441,112.378296
708,1442,94.30493
709,1444,112.25179
710,1445,95.01644
711,1446,102.75738
712,1448,92.79858
713,1453,94.3474
714,1454,112.25179
715,1455,95.28741
716,1456,113.2741
717,1458,112.25179
718,1459,93.78149
719,1461,94.45346
720,1465,94.04537
721,1466,112.27885
722,1469,94.34037
723,1472,94.3474
724,1474,94.02712
725,1477,111.34374
726,1479,114.469345
727,1482,94.359184
728,1483,77.75869
729,1487,95.23006
730,1488,112.378296
731,1490,112.27885
732,1492,112.958916
733,1494,117.82599
734,1496,101.35721
735,1497,94.38119
736,1499,95.579735
737,1502,94.30493
738,1507,112.66857
739,1508,93.27861
740,1509,114.469345
741,1511,93.78149
742,1512,111.49546
743,1513,117.67802
744,1514,102.301575
745,1518,112.27885
746,1519,93.89397
747,1522,112.27885
748,1524,77.75869
749,1527,94.30493
750,1529,93.89397
751,1532,103.343346
752,1536,112.27885
753,1537,117.82599
754,1539,103.67702
755,1542,112.25179
756,1543,94.02712
757,1544,102.75738
758,1545,77.80135
759,1550,94.02712
760,1551,112.40119
761,1554,103.515434
762,1556,102.75738
763,1559,91.61581
764,1560,77.75869
765,1562,95.4142
766,1566,93.89397
767,1567,112.27885
768,1569,103.343346
769,1570,111.43319
770,1571,112.27885
771,1574,93.27861
772,1578,102.75738
773,1580,94.13255
774,1583,111.00159
775,1584,93.27861
776,1585,111.49546
777,1586,94.04537
778,1587,112.27885
779,1588,93.89397
780,1590,117.67802
781,1592,102.75738
782,1596,112.48983
783,1598,112.378296
784,1599,94.02712
785,1604,112.958916
786,1606,102.75738
787,1607,95.01644
788,1608,102.926796
789,1609,117.82599
790,1611,95.071434
791,1613,94.21358
792,1616,95.19823
793,1619,112.27885
794,1620,94.316696
795,1621,112.27885
796,1622,94.30493
797,1625,112.43704
798,1627,117.82599
799,1629,112.25179
800,1634,95.579735
801,1636,94.30493
802,1638,103.343346
803,1639,94.30493
804,1641,95.4142
805,1643,94.21358
806,1644,102.301575
807,1645,117.82599
808,1646,94.45346
809,1647,103.515434
810,1648,95.01067
811,1652,94.13255
812,1653,112.27885
813,1656,93.89397
814,1658,94.02712
815,1659,112.25179
816,1661,94.45346
817,1663,95.01644
818,1664,112.25179
819,1665,95.28741
820,1666,102.75738
821,1667,103.16374
822,1668,77.75869
823,1669,102.926796
824,1670,94.21358
825,1672,112.27885
826,1674,111.95114
827,1677,112.378296
828,1678,93.89397
829,1679,112.27885
830,1680,94.04537
831,1683,103.343346
832,1686,103.343346
833,1687,113.06975
834,1689,112.25179
835,1690,93.78149
836,1691,117.82599
837,1692,112.27885
838,1693,93.27861
839,1695,94.02712
840,1696,94.3474
841,1697,112.25179
842,1700,102.75738
843,1701,95.23006
844,1702,112.27885
845,1703,93.89397
846,1704,112.378296
847,1706,95.143234
848,1707,112.7509
849,1708,95.01067
850,1710,95.01067
851,1711,103.343346
852,1713,104.13653
853,1717,103.343346
854,1719,102.75738
855,1720,94.02712
856,1722,95.28741
857,1725,102.75738
858,1726,95.01067
859,1727,103.412445
860,1729,112.27885
861,1730,94.13255
862,1731,112.27885
863,1733,102.75738
864,1734,95.28741
865,1735,113.06975
866,1738,94.21358
867,1742,95.27398
868,1745,111.95114
869,1747,95.23006
870,1749,95.01067
871,1751,95.01067
872,1752,77.75869
873,1753,103.515434
874,1754,93.93464
875,1755,95.01644
876,1756,104.10929
877,1758,112.64724
878,1759,95.28741
879,1760,105.067245
880,1761,112.25179
881,1762,93.78149
882,1763,111.00159
883,1764,95.1112
884,1766,95.054
885,1768,94.30493
886,1769,77.33548
887,1771,112.378296
888,1772,94.38119
889,1773,103.343346
890,1774,95.18186
891,1775,112.378296
892,1777,112.27885
893,1779,95.28741
894,1780,105.067245
895,1787,93.89397
896,1788,93.06924
897,1790,95.01067
898,1796,112.27885
899,1801,93.89397
900,1803,95.01067
901,1807,112.27885
902,1809,112.62157
903,1812,94.30493
904,1813,112.7509
905,1814,94.04537
906,1815,112.378296
907,1816,94.381256
908,1818,93.91076
909,1820,93.78149
910,1821,115.37221
911,1822,95.01644
912,1825,94.30493
913,1826,103.343346
914,1828,95.01067
915,1831,103.343346
916,1836,115.68522
917,1837,94.30493
918,1841,94.02712
919,1844,102.75738
920,1848,92.16837
921,1851,103.67702
922,1852,95.7761
923,1853,93.89397
924,1854,112.378296
925,1856,93.08057
926,1859,112.62157
927,1860,95.01067
928,1861,75.08579
929,1863,103.343346
930,1865,94.30493
931,1866,103.67702
932,1867,94.21358
933,1868,93.89397
934,1872,94.30493
935,1879,94.21358
936,1880,102.75738
937,1882,94.30493
938,1885,103.343346
939,1887,102.75738
940,1888,91.64337
941,1890,114.38544
942,1894,94.21358
943,1895,102.75738
944,1896,95.01067
945,1897,112.378296
946,1900,113.26215
947,1901,91.61581
948,1902,112.7509
949,1905,92.558556
950,1906,112.27885
951,1912,102.75738
952,1915,95.01067
953,1916,103.343346
954,1917,95.01067
955,1918,103.343346
956,1920,77.75869
957,1923,95.406586
958,1924,105.13204
959,1925,95.01067
960,1930,117.82599
961,1932,112.25179
962,1933,94.641174
963,1934,111.832275
964,1935,91.61581
965,1940,77.33548
966,1941,93.06924
967,1942,112.378296
968,1943,93.30549
969,1944,91.32058
970,1945,109.70121
971,1948,117.82599
972,1949,93.78149
973,1952,94.45346
974,1954,93.27861
975,1955,112.25179
976,1958,94.3474
977,1959,77.22537
978,1960,111.00159
979,1963,95.01644
980,1965,93.88527
981,1968,103.761
982,1969,95.7761
983,1971,95.01644
984,1972,112.27885
985,1973,93.89397
986,1975,93.89397
987,1977,95.27398
988,1978,94.381256
989,1979,112.378296
990,1981,93.89397
991,1982,112.27885
992,1987,112.27885
993,1988,93.89397
994,1993,94.641174
995,1997,93.06924
996,1999,95.01067
997,2001,94.21358
998,2002,115.37221
999,2003,94.6013
1000,2004,82.03348
1001,2006,112.378296
1002,2007,92.295876
1003,2009,105.067245
1004,2010,95.28741
1005,2013,94.21358
1006,2018,77.22537
1007,2022,103.49437
1008,2024,116.610886
1009,2025,95.01644
1010,2026,102.75738
1011,2030,105.067245
1012,2031,93.93464
1013,2032,102.75738
1014,2033,95.01067
1015,2035,94.01364
1016,2036,112.378296
1017,2037,93.89397
1018,2040,94.21358
1019,2043,112.378296
1020,2044,103.30177
1021,2046,104.13653
1022,2054,110.005516
1023,2055,93.93464
1024,2056,105.067245
1025,2059,93.78149
1026,2060,91.61581
1027,2062,92.34787
1028,2063,112.378296
1029,2066,94.21358
1030,2067,113.06975
1031,2072,94.6013
1032,2073,112.25179
1033,2074,93.653786
1034,2075,112.18289
1035,2076,92.16837
1036,2080,93.710594
1037,2082,91.61581
1038,2085,112.18289
1039,2087,111.49546
1040,2091,112.25179
1041,2092,94.21358
1042,2093,105.067245
1043,2098,94.71392
1044,2101,111.00159
1045,2102,93.91076
1046,2103,77.33548
1047,2105,103.67702
1048,2106,95.28741
1049,2107,114.25675
1050,2110,94.21245
1051,2114,94.381256
1052,2115,112.378296
1053,2117,77.22537
1054,2118,90.256226
1055,2119,103.343346
1056,2120,95.01067
1057,2122,94.04537
1058,2123,112.27885
1059,2126,95.01644
1060,2127,102.75738
1061,2128,94.02712
1062,2129,112.25179
1063,2132,93.402756
1064,2135,102.75738
1065,2138,95.27398
1066,2139,117.82599
1067,2141,112.958916
1068,2142,93.06924
1069,2146,94.21358
1070,2151,112.27885
1071,2157,102.75738
1072,2159,114.25675
1073,2162,95.28741
1074,2164,117.82599
1075,2167,91.32058
1076,2168,112.27885
1077,2171,94.01364
1078,2173,95.01644
1079,2174,102.75738
1080,2175,94.30493
1081,2178,95.28741
1082,2180,94.21358
1083,2185,112.27885
1084,2189,91.317444
1085,2190,113.06975
1086,2192,102.75738
1087,2194,115.37221
1088,2200,115.68522
1089,2201,94.6013
1090,2203,112.27885
1091,2204,94.6013
1092,2205,112.7509
1093,2209,112.958916
1094,2213,103.343346
1095,2214,94.30493
1096,2215,112.378296
1097,2216,94.6013
1098,2218,93.06924
1099,2219,103.343346
1100,2220,94.34037
1101,2222,91.61581
1102,2223,112.25179
1103,2225,112.25179
1104,2226,94.04573
1105,2230,94.45346
1106,2233,113.06975
1107,2234,112.7509
1108,2235,94.6013
1109,2236,77.75869
1110,2237,93.06924
1111,2240,115.37221
1112,2241,93.27861
1113,2248,102.75738
1114,2249,94.21358
1115,2250,110.99179
1116,2252,112.27885
1117,2253,94.6013
1118,2254,112.27885
1119,2256,77.75869
1120,2258,92.902336
1121,2259,113.84363
1122,2262,94.21358
1123,2265,95.28741
1124,2266,102.75738
1125,2269,94.45346
1126,2271,95.054
1127,2273,93.89397
1128,2274,110.57838
1129,2275,94.6013
1130,2277,94.30493
1131,2279,94.6013
1132,2280,77.75869
1133,2282,94.21358
1134,2283,102.75738
1135,2288,93.89397
1136,2289,113.2741
1137,2291,95.01067
1138,2292,117.82599
1139,2297,94.34037
1140,2298,103.343346
1141,2299,93.7641
1142,2300,112.27885
1143,2301,93.89397
1144,2304,93.93464
1145,2305,102.75738
1146,2306,94.21358
1147,2308,92.16837
1148,2309,110.99179
1149,2311,94.641174
1150,2312,102.926796
1151,2316,102.75738
1152,2321,103.343346
1153,2322,112.378296
1154,2325,103.343346
1155,2326,92.16837
1156,2329,117.82599
1157,2330,94.30493
1158,2331,103.343346
1159,2332,113.06975
1160,2333,94.21358
1161,2334,102.75738
1162,2335,108.662506
1163,2337,113.31619
1164,2338,94.01364
1165,2340,113.06975
1166,2342,93.89397
1167,2345,94.3474
1168,2349,93.27861
1169,2351,77.75869
1170,2352,95.01067
1171,2354,112.25179
1172,2355,112.25179
1173,2357,112.25179
1174,2358,94.3474
1175,2360,94.21358
1176,2361,112.25179
1177,2364,94.30493
1178,2366,95.143234
1179,2369,105.067245
1180,2370,94.21358
1181,2371,113.06975
1182,2373,112.48983
1183,2374,94.45346
1184,2376,112.27885
1185,2378,112.958916
1186,2382,95.054
1187,2383,93.89397
1188,2386,103.343346
1189,2387,92.351135
1190,2389,94.82278
1191,2390,113.2741
1192,2392,91.18137
1193,2398,113.06975
1194,2399,95.01067
1195,2400,94.6013
1196,2401,112.378296
1197,2402,94.02712
1198,2404,93.06769
1199,2407,112.48983
1200,2408,111.34374
1201,2409,114.469345
1202,2412,77.22537
1203,2413,94.34037
1204,2415,93.06924
1205,2420,112.48983
1206,2422,94.45346
1207,2423,102.75738
1208,2426,95.01067
1209,2432,94.30493
1210,2434,94.13255
1211,2435,94.82278
1212,2436,112.378296
1213,2438,112.958916
1214,2440,112.378296
1215,2443,94.45346
1216,2444,93.78149
1217,2447,102.75738
1218,2450,95.01644
1219,2454,94.01364
1220,2455,112.378296
1221,2459,94.21358
1222,2460,111.1971
1223,2463,94.45346
1224,2465,93.27861
1225,2468,77.33548
1226,2469,94.6013
1227,2474,91.32058
1228,2478,94.02712
1229,2480,93.78149
1230,2481,115.37221
1231,2489,94.21358
1232,2490,105.067245
1233,2492,91.61581
1234,2496,94.21358
1235,2497,112.24276
1236,2500,95.01067
1237,2505,94.21358
1238,2507,94.01364
1239,2508,112.7509
1240,2509,95.01067
1241,2510,79.56451
1242,2513,93.89397
1243,2515,94.21358
1244,2518,93.89397
1245,2519,112.958916
1246,2520,93.89397
1247,2521,113.31619
1248,2523,113.631035
1249,2525,94.21245
1250,2529,112.7509
1251,2530,94.6013
1252,2533,113.2741
1253,2535,92.79858
1254,2538,103.49437
1255,2544,113.2741
1256,2553,112.27885
1257,2556,93.06924
1258,2558,93.89397
1259,2559,112.958916
1260,2560,94.30493
1261,2561,112.27885
1262,2562,91.317444
1263,2563,112.27885
1264,2564,94.13255
1265,2565,113.06975
1266,2567,103.665184
1267,2572,93.93464
1268,2575,95.01067
1269,2576,112.27885
1270,2577,91.32058
1271,2578,95.28741
1272,2579,112.378296
1273,2580,94.82278
1274,2582,112.378296
1275,2583,94.04573
1276,2587,93.06924
1277,2589,112.27885
1278,2590,95.406586
1279,2591,112.7509
1280,2594,93.30549
1281,2597,94.21358
1282,2598,102.75738
1283,2599,91.64337
1284,2600,103.49437
1285,2602,109.49167
1286,2603,93.93464
1287,2604,104.80061
1288,2606,112.449524
1289,2607,77.75869
1290,2608,94.6013
1291,2613,112.7509
1292,2614,94.36489
1293,2615,112.378296
1294,2617,112.378296
1295,2620,94.04537
1296,2623,112.7509
1297,2624,94.381256
1298,2627,112.7509
1299,2629,77.75869
1300,2630,94.82278
1301,2632,95.23006
1302,2636,94.381256
1303,2639,96.50719
1304,2640,103.343346
1305,2642,112.7509
1306,2644,102.75738
1307,2646,111.88423
1308,2647,94.381256
1309,2649,94.21245
1310,2650,102.75738
1311,2652,102.75738
1312,2653,101.35721
1313,2655,104.13653
1314,2657,113.06975
1315,2659,112.25179
1316,2662,93.89397
1317,2663,115.37221
1318,2664,94.21358
1319,2665,102.75738
1320,2670,94.21245
1321,2671,103.343346
1322,2672,90.256226
1323,2675,102.75738
1324,2677,112.18289
1325,2679,114.25675
1326,2683,112.378296
1327,2684,94.381256
1328,2685,95.27398
1329,2688,103.343346
1330,2689,94.34037
1331,2690,104.13653
1332,2693,95.49907
1333,2694,113.31619
1334,2697,103.04404
1335,2699,95.01067
1336,2703,93.30549
1337,2705,103.343346
1338,2709,80.102486
1339,2710,94.21245
1340,2711,112.378296
1341,2712,90.256226
1342,2713,94.21358
1343,2714,114.469345
1344,2715,93.22066
1345,2717,93.89397
1346,2718,113.72444
1347,2720,112.27885
1348,2721,94.21245
1349,2726,95.579735
1350,2728,94.30493
1351,2731,102.75738
1352,2732,112.25179
1353,2734,94.3474
1354,2736,102.75738
1355,2737,94.21358
1356,2738,102.75738
1357,2739,114.25675
1358,2746,93.06924
1359,2749,102.75738
1360,2751,117.82599
1361,2752,104.13653
1362,2753,94.30493
1363,2757,105.067245
1364,2758,95.01067
1365,2759,110.57838
1366,2760,95.406586
1367,2762,112.378296
1368,2764,95.01067
1369,2765,112.958916
1370,2769,112.25179
1371,2771,112.378296
1372,2774,94.381256
1373,2776,93.27861
1374,2777,113.682594
1375,2778,91.61581
1376,2779,112.378296
1377,2782,91.61581
1378,2784,93.710594
1379,2787,94.359184
1380,2789,92.046524
1381,2792,94.21358
1382,2798,95.01644
1383,2799,102.75738
1384,2800,94.21245
1385,2801,78.75509
1386,2802,92.902336
1387,2804,94.30493
1388,2807,102.75738
1389,2808,94.21358
1390,2809,112.48983
1391,2811,117.67802
1392,2812,94.30493
1393,2814,93.89397
1394,2816,94.21245
1395,2817,112.25179
1396,2818,111.34374
1397,2820,112.40119
1398,2821,77.68771
1399,2822,95.579735
1400,2823,103.343346
1401,2824,94.21245
1402,2826,91.3727
1403,2829,91.61581
1404,2834,94.30493
1405,2835,77.22537
1406,2838,94.21358
1407,2839,112.25179
1408,2840,93.91076
1409,2841,113.631035
1410,2842,94.21358
1411,2846,111.69863
1412,2848,94.34037
1413,2849,93.710594
1414,2850,114.469345
1415,2851,95.28741
1416,2853,91.61581
1417,2854,112.7509
1418,2858,112.378296
1419,2861,94.34037
1420,2864,91.61581
1421,2865,115.37221
1422,2866,112.27885
1423,2867,94.82278
1424,2868,112.27885
1425,2870,112.27885
1426,2877,95.406586
1427,2878,112.7509
1428,2880,112.27885
1429,2882,77.75869
1430,2883,95.143234
1431,2884,103.343346
1432,2885,94.30493
1433,2887,94.21358
1434,2888,111.41218
1435,2889,95.01644
1436,2890,102.75738
1437,2891,94.641174
1438,2892,117.82599
1439,2893,94.3474
1440,2898,112.25179
1441,2899,94.45346
1442,2900,112.25179
1443,2901,93.89397
1444,2909,94.34037
1445,2910,112.27885
1446,2911,112.378296
1447,2913,114.25675
1448,2914,97.64661
1449,2918,92.4538
1450,2919,112.378296
1451,2920,93.89397
1452,2921,112.7509
1453,2922,91.30622
1454,2923,102.926796
1455,2925,112.48983
1456,2926,94.82278
1457,2927,112.7509
1458,2929,112.27885
1459,2933,91.32058
1460,2934,113.04956
1461,2936,112.48983
1462,2941,103.49437
1463,2942,94.21245
1464,2943,110.57838
1465,2945,104.13653
1466,2950,93.89397
1467,2951,112.27885
1468,2953,112.958916
1469,2954,95.27398
1470,2955,103.343346
1471,2956,95.4142
1472,2960,95.054
1473,2962,92.16837
1474,2963,105.067245
1475,2964,102.75738
1476,2966,77.75869
1477,2967,94.381256
1478,2968,114.187775
1479,2969,93.89397
1480,2971,92.79858
1481,2972,94.34037
1482,2974,94.45346
1483,2975,114.469345
1484,2977,117.82599
1485,2980,112.27885
1486,2981,93.89397
1487,2983,94.21358
1488,2984,104.80061
1489,2985,117.82599
1490,2986,104.80061
1491,2987,94.34037
1492,2989,90.256226
1493,2990,112.27885
1494,2991,95.406586
1495,2992,77.33548
1496,2995,103.04404
1497,2996,102.926796
1498,3002,116.85648
1499,3004,112.25179
1500,3005,117.82599
1501,3006,95.01067
1502,3010,95.143234
1503,3011,102.75738
1504,3014,94.82278
1505,3015,93.27861
1506,3016,95.28741
1507,3017,109.51162
1508,3018,92.80456
1509,3021,102.75738
1510,3024,102.75738
1511,3028,93.06924
1512,3030,91.61581
1513,3032,94.21245
1514,3039,95.01067
1515,3040,104.13653
1516,3041,94.21245
1517,3043,92.902336
1518,3044,112.27885
1519,3046,113.631035
1520,3055,93.91076
1521,3056,112.25179
1522,3058,93.89397
1523,3059,112.958916
1524,3061,117.82599
1525,3063,102.75738
1526,3066,94.21358
1527,3067,102.75738
1528,3068,77.75869
1529,3069,94.21245
1530,3072,117.67802
1531,3073,112.27885
1532,3074,92.351135
1533,3077,93.89397
1534,3082,93.687645
1535,3084,103.04404
1536,3085,114.187775
1537,3088,102.75738
1538,3091,91.32058
1539,3092,112.27885
1540,3093,92.351135
1541,3094,102.75738
1542,3096,111.832275
1543,3097,94.13255
1544,3098,77.75869
1545,3102,117.67802
1546,3106,93.89397
1547,3109,93.30549
1548,3111,93.710594
1549,3112,117.82599
1550,3113,94.21245
1551,3115,94.6013
1552,3116,112.378296
1553,3117,94.04537
1554,3121,114.25675
1555,3122,93.27861
1556,3123,95.01067
1557,3124,105.067245
1558,3125,95.28741
1559,3126,102.75738
1560,3127,117.82599
1561,3129,93.89397
1562,3130,112.27885
1563,3132,104.47963
1564,3134,103.30177
1565,3135,95.054
1566,3137,76.328384
1567,3138,95.406586
1568,3140,93.6017
1569,3144,113.31619
1570,3145,95.579735
1571,3146,112.378296
1572,3147,94.21245
1573,3148,103.343346
1574,3149,103.343346
1575,3150,112.27885
1576,3151,93.30549
1577,3152,94.21358
1578,3155,94.01364
1579,3156,114.469345
1580,3159,93.89397
1581,3161,94.34037
1582,3162,103.343346
1583,3163,95.143234
1584,3165,102.75738
1585,3172,94.04537
1586,3173,114.187775
1587,3176,92.730415
1588,3177,102.75738
1589,3179,114.469345
1590,3183,93.27861
1591,3186,95.01067
1592,3187,102.75738
1593,3189,112.378296
1594,3190,94.3474
1595,3192,117.82599
1596,3193,94.04537
1597,3194,112.27885
1598,3197,95.28741
1599,3198,94.30493
1600,3200,94.6013
1601,3201,117.82599
1602,3202,94.30493
1603,3204,94.21358
1604,3205,93.89397
1605,3206,113.31619
1606,3208,103.343346
1607,3210,102.75738
1608,3211,94.21358
1609,3212,117.82599
1610,3213,93.06924
1611,3214,111.00159
1612,3216,102.75738
1613,3219,93.89397
1614,3220,112.958916
1615,3221,94.21245
1616,3226,103.343346
1617,3227,94.34037
1618,3228,111.34374
1619,3229,94.3474
1620,3232,77.33548
1621,3233,95.01067
1622,3234,93.06924
1623,3236,94.21358
1624,3238,112.7509
1625,3239,111.49546
1626,3240,94.359184
1627,3247,112.378296
1628,3249,102.75738
1629,3252,112.40119
1630,3253,94.21358
1631,3254,102.75738
1632,3255,94.45346
1633,3256,116.85648
1634,3257,94.3474
1635,3262,94.21358
1636,3263,102.75738
1637,3264,95.4142
1638,3266,112.27885
1639,3267,91.63217
1640,3269,94.45346
1641,3272,117.82599
1642,3274,95.28741
1643,3275,103.761
1644,3277,95.27398
1645,3279,95.19823
1646,3280,103.343346
1647,3283,95.071434
1648,3285,94.21358
1649,3287,96.08284
1650,3288,102.75738
1651,3290,104.80061
1652,3291,93.06924
1653,3298,112.27885
1654,3299,94.30493
1655,3302,116.31622
1656,3303,92.295876
1657,3304,103.03514
1658,3307,93.06924
1659,3309,93.06769
1660,3314,77.75869
1661,3316,112.27885
1662,3317,95.01067
1663,3319,94.6013
1664,3320,112.378296
1665,3321,95.01067
1666,3322,104.13653
1667,3324,93.89397
1668,3326,91.61581
1669,3329,113.631035
1670,3330,94.13255
1671,3331,112.378296
1672,3335,117.82599
1673,3337,94.21358
1674,3338,106.54344
1675,3339,95.071434
1676,3340,112.378296
1677,3341,92.902336
1678,3343,93.710594
1679,3346,94.82278
1680,3348,95.01067
1681,3351,102.75738
1682,3352,117.82599
1683,3355,93.89397
1684,3356,112.7509
1685,3358,104.469986
1686,3359,95.7761
1687,3360,110.19659
1688,3371,114.187775
1689,3372,94.21245
1690,3374,95.19823
1691,3377,113.04956
1692,3378,91.32058
1693,3380,103.343346
1694,3382,94.34037
1695,3386,94.30493
1696,3389,113.04956
1697,3391,103.343346
1698,3393,95.406586
1699,3394,103.343346
1700,3395,95.01067
1701,3397,112.7509
1702,3398,95.579735
1703,3399,77.80135
1704,3400,95.01067
1705,3404,103.343346
1706,3407,112.27885
1707,3409,104.13653
1708,3419,95.27398
1709,3421,92.4538
1710,3425,95.071434
1711,3427,75.76538
1712,3428,117.82599
1713,3429,112.27885
1714,3431,94.359184
1715,3435,94.02712
1716,3436,114.469345
1717,3439,94.381256
1718,3441,94.01364
1719,3442,117.82599
1720,3443,94.21358
1721,3444,102.75738
1722,3445,93.93464
1723,3446,112.54029
1724,3449,91.61581
1725,3453,93.06924
1726,3457,94.21245
1727,3460,102.75738
1728,3461,94.71392
1729,3462,94.3474
1730,3464,102.75738
1731,3465,77.75869
1732,3466,95.01067
1733,3467,102.75738
1734,3468,94.21358
1735,3469,102.75738
1736,3470,101.35721
1737,3472,112.7509
1738,3473,94.04537
1739,3475,94.82278
1740,3476,112.27885
1741,3478,103.343346
1742,3479,95.41257
1743,3483,93.06924
1744,3484,103.343346
1745,3485,95.054
1746,3487,94.82278
1747,3488,112.27885
1748,3496,112.25179
1749,3497,94.45346
1750,3499,95.054
1751,3500,77.75869
1752,3501,95.01067
1753,3504,95.01067
1754,3508,105.067245
1755,3511,93.27861
1756,3512,110.78385
1757,3515,93.78149
1758,3517,93.93464
1759,3518,101.35721
1760,3526,112.25179
1761,3528,109.49167
1762,3529,94.359184
1763,3530,112.378296
1764,3531,94.3474
1765,3532,112.54029
1766,3533,94.3474
1767,3534,94.21245
1768,3535,77.75869
1769,3536,94.6013
1770,3537,112.27885
1771,3538,93.06924
1772,3539,111.34374
1773,3540,104.13653
1774,3545,112.27885
1775,3546,93.89397
1776,3550,104.13653
1777,3551,94.17656
1778,3553,95.01644
1779,3554,102.75738
1780,3557,93.06924
1781,3558,112.378296
1782,3559,91.61581
1783,3561,93.06924
1784,3562,112.7509
1785,3563,95.01067
1786,3564,102.75738
1787,3565,93.93464
1788,3567,93.27861
1789,3571,102.75738
1790,3572,94.21358
1791,3574,94.34037
1792,3576,94.30493
1793,3577,112.27885
1794,3578,95.01067
1795,3579,94.30493
1796,3583,94.21245
1797,3585,94.34037
1798,3586,103.343346
1799,3587,112.27885
1800,3593,93.710594
1801,3594,112.958916
1802,3595,95.01067
1803,3599,95.01644
1804,3600,102.75738
1805,3601,112.7509
1806,3602,91.61581
1807,3604,94.38119
1808,3609,117.82599
1809,3610,112.378296
1810,3612,112.27885
1811,3614,114.45441
1812,3615,94.30493
1813,3617,95.19823
1814,3618,112.378296
1815,3619,112.27885
1816,3620,112.27885
1817,3621,94.30493
1818,3625,93.08057
1819,3626,102.75738
1820,3630,102.75738
1821,3631,94.45346
1822,3632,104.80061
1823,3633,95.01067
1824,3634,112.378296
1825,3637,93.06924
1826,3639,94.381256
1827,3640,112.378296
1828,3641,93.710594
1829,3644,112.7509
1830,3645,94.30493
1831,3646,94.3474
1832,3647,91.32058
1833,3648,112.7509
1834,3653,112.27885
1835,3654,94.6013
1836,3655,112.378296
1837,3659,102.75738
1838,3660,94.21358
1839,3662,114.25675
1840,3666,92.558556
1841,3668,90.90307
1842,3671,94.04537
1843,3673,93.27861
1844,3674,112.24276
1845,3675,94.3474
1846,3681,91.61581
1847,3682,112.27885
1848,3686,111.00159
1849,3687,94.359184
1850,3692,81.54905
1851,3695,112.378296
1852,3696,95.49907
1853,3699,113.31619
1854,3705,110.5085
1855,3707,77.33548
1856,3708,95.01067
1857,3709,112.27885
1858,3710,94.30493
1859,3712,94.21358
1860,3715,112.27885
1861,3716,94.30493
1862,3720,113.04956
1863,3722,77.33548
1864,3726,95.01067
1865,3728,94.04537
1866,3729,112.25179
1867,3731,102.75738
1868,3735,112.378296
1869,3736,94.381256
1870,3739,102.75738
1871,3741,112.27885
1872,3743,103.343346
1873,3744,95.01067
1874,3745,112.27885
1875,3746,95.27398
1876,3751,94.3474
1877,3753,93.08057
1878,3760,112.25179
1879,3761,94.3474
1880,3762,113.631035
1881,3763,93.27861
1882,3765,94.3474
1883,3768,112.7509
1884,3769,94.30493
1885,3770,104.7395
1886,3773,112.27885
1887,3774,95.4142
1888,3776,95.01644
1889,3778,94.3474
1890,3779,111.832275
1891,3780,93.06924
1892,3781,113.31619
1893,3782,94.04537
1894,3783,112.7509
1895,3784,93.88527
1896,3786,95.01067
1897,3789,113.547165
1898,3790,93.94062
1899,3793,112.378296
1900,3795,112.27885
1901,3797,94.21358
1902,3798,117.82599
1903,3800,114.469345
1904,3804,95.4142
1905,3810,95.19823
1906,3815,112.27885
1907,3816,95.4142
1908,3818,102.75738
1909,3824,112.7509
1910,3828,102.75738
1911,3830,112.27885
1912,3831,95.19823
1913,3832,77.75869
1914,3834,112.27885
1915,3835,93.89397
1916,3836,111.00159
1917,3838,94.21358
1918,3839,117.82599
1919,3840,112.378296
1920,3845,94.3474
1921,3846,112.25179
1922,3847,93.93464
1923,3849,77.75869
1924,3853,112.378296
1925,3855,105.067245
1926,3856,94.21358
1927,3864,80.102486
1928,3865,95.01067
1929,3866,112.378296
1930,3867,93.30549
1931,3868,114.469345
1932,3869,95.01644
1933,3871,94.82278
1934,3875,102.75738
1935,3876,94.04537
1936,3878,93.06924
1937,3879,112.27885
1938,3881,114.469345
1939,3883,111.99671
1940,3884,93.06769
1941,3886,113.04956
1942,3890,96.204185
1943,3893,109.046425
1944,3897,104.80061
1945,3901,94.3474
1946,3902,111.00159
1947,3913,112.58713
1948,3914,93.89397
1949,3916,94.04573
1950,3917,112.27885
1951,3924,103.67702
1952,3925,95.071434
1953,3928,95.143234
1954,3929,112.27885
1955,3932,91.64337
1956,3933,102.75738
1957,3934,76.83301
1958,3935,91.61581
1959,3936,95.28741
1960,3937,112.25179
1961,3938,92.79858
1962,3939,111.00159
1963,3943,91.32058
1964,3944,112.7509
1965,3945,112.27885
1966,3946,93.68269
1967,3947,112.378296
1968,3948,94.381256
1969,3949,112.7509
1970,3950,94.21245
1971,3951,111.49546
1972,3952,94.3474
1973,3953,113.631035
1974,3961,115.37221
1975,3962,93.27861
1976,3966,94.21245
1977,3967,103.343346
1978,3968,94.34037
1979,3969,112.378296
1980,3970,95.054
1981,3971,105.067245
1982,3973,94.23696
1983,3974,112.7509
1984,3975,112.378296
1985,3977,93.89397
1986,3979,112.378296
1987,3985,95.27398
1988,3986,103.343346
1989,3988,111.00159
1990,3991,94.21358
1991,3992,102.75738
1992,3993,94.641174
1993,3994,94.6013
1994,3995,112.27885
1995,4005,112.378296
1996,4007,94.30493
1997,4008,103.343346
1998,4009,95.18186
1999,4010,109.91309
2000,4011,76.83301
2001,4012,93.06924
2002,4013,103.67702
2003,4015,114.25675
2004,4016,112.40119
2005,4018,114.469345
2006,4025,95.28741
2007,4026,114.469345
2008,4028,113.31619
2009,4029,95.4142
2010,4031,94.04537
2011,4032,112.27885
2012,4033,94.23696
2013,4034,103.343346
2014,4037,90.256226
2015,4038,102.75738
2016,4039,94.02712
2017,4041,95.01644
2018,4042,111.49546
2019,4043,94.21358
2020,4044,102.75738
2021,4045,92.16837
2022,4046,113.31619
2023,4047,95.01067
2024,4048,103.30177
2025,4049,95.406586
2026,4051,94.381256
2027,4052,112.7509
2028,4058,102.75738
2029,4062,112.27885
2030,4064,113.31619
2031,4067,94.30493
2032,4068,77.75869
2033,4070,93.27861
2034,4072,117.82599
2035,4074,112.27885
2036,4075,93.08057
2037,4076,112.27885
2038,4077,94.6013
2039,4078,114.469345
2040,4080,102.75738
2041,4082,112.449524
2042,4085,93.93464
2043,4086,114.25675
2044,4088,114.469345
2045,4089,93.88527
2046,4092,77.75869
2047,4094,93.30549
2048,4095,112.378296
2049,4096,90.256226
2050,4097,103.343346
2051,4102,92.902336
2052,4105,115.55913
2053,4107,112.378296
2054,4111,95.27398
2055,4112,104.13653
2056,4113,95.01067
2057,4114,113.7906
2058,4115,94.6013
2059,4116,112.378296
2060,4117,94.02712
2061,4118,95.01644
2062,4119,112.25179
2063,4120,94.3474
2064,4122,80.22591
2065,4125,93.89397
2066,4126,112.378296
2067,4129,112.27885
2068,4134,112.40119
2069,4137,93.710594
2070,4141,104.478775
2071,4142,95.579735
2072,4144,94.21358
2073,4145,103.67702
2074,4146,94.71392
2075,4150,94.30493
2076,4151,76.328384
2077,4154,94.30493
2078,4156,94.3474
2079,4157,112.24276
2080,4159,112.40119
2081,4160,94.3474
2082,4161,111.832275
2083,4168,95.01067
2084,4171,103.343346
2085,4172,103.30177
2086,4173,95.4142
2087,4175,93.06924
2088,4176,102.75738
2089,4177,94.21358
2090,4178,102.75738
2091,4179,95.27398
2092,4181,113.26215
2093,4183,95.4142
2094,4184,113.26215
2095,4185,93.89397
2096,4186,112.27885
2097,4188,112.378296
2098,4190,112.27885
2099,4192,93.78149
2100,4193,109.046425
2101,4194,112.7509
2102,4195,95.406586
2103,4196,77.75869
2104,4202,95.4142
2105,4203,104.13653
2106,4208,95.01067
2107,4209,112.27885
2108,4210,93.30549
2109,4211,113.631035
2110,4212,117.82599
2111,4214,103.343346
2112,4215,94.21245
2113,4216,112.24276
2114,4217,93.78149
2115,4219,95.01067
2116,4222,112.25179
2117,4224,74.051544
2118,4231,103.343346
2119,4232,95.4142
2120,4234,93.30549
2121,4236,94.21358
2122,4237,102.75738
2123,4240,94.38119
2124,4242,104.80061
2125,4243,95.01067
2126,4247,93.89397
2127,4248,112.378296
2128,4249,93.29506
2129,4254,102.75738
2130,4263,94.21245
2131,4265,112.378296
2132,4267,113.7906
2133,4268,112.27885
2134,4271,112.25179
2135,4272,94.30493
2136,4273,112.27885
2137,4274,93.89397
2138,4276,94.45346
2139,4278,95.28741
2140,4280,95.143234
2141,4281,112.27885
2142,4283,92.34787
2143,4284,112.378296
2144,4285,94.34037
2145,4286,113.31619
2146,4287,94.01364
2147,4288,112.27885
2148,4289,92.902336
2149,4290,77.22537
2150,4293,93.27861
2151,4296,112.958916
2152,4297,93.89397
2153,4299,91.61581
2154,4303,110.72352
2155,4310,94.34037
2156,4312,103.343346
2157,4318,102.75738
2158,4320,113.26254
2159,4322,92.4538
2160,4323,112.27885
2161,4325,103.343346
2162,4326,112.27885
2163,4328,103.343346
2164,4330,103.343346
2165,4332,112.27885
2166,4333,95.27398
2167,4335,90.90307
2168,4336,113.7906
2169,4338,103.67702
2170,4341,94.21358
2171,4342,103.49437
2172,4344,102.75738
2173,4347,93.08655
2174,4348,102.75738
2175,4351,103.343346
2176,4352,94.30493
2177,4353,114.25675
2178,4355,102.75738
2179,4356,93.93464
2180,4359,102.75738
2181,4360,94.21358
2182,4361,93.4447
2183,4364,94.53355
2184,4365,102.75738
2185,4368,95.054
2186,4372,95.01067
2187,4374,93.710594
2188,4376,95.01067
2189,4377,103.343346
2190,4380,95.01067
2191,4383,105.067245
2192,4384,95.28741
2193,4385,101.35721
2194,4389,92.4538
2195,4391,94.30493
2196,4392,113.04956
2197,4393,93.89397
2198,4395,91.32058
2199,4396,112.7509
2200,4398,112.27885
2201,4399,94.01364
2202,4401,93.89397
2203,4406,95.406586
2204,4408,103.343346
2205,4412,102.75738
2206,4415,94.21358
2207,4418,113.04956
2208,4419,93.710594
2209,4420,77.75869
2210,4422,112.7509
2211,4423,93.710594
2212,4425,94.21358
2213,4428,110.99179
2214,4431,113.631035
2215,4434,91.61581
2216,4436,94.30493
2217,4437,112.27885
2218,4439,117.82599
2219,4440,94.6013
2220,4441,112.378296
2221,4444,94.34037
2222,4445,103.343346
2223,4446,94.21245
2224,4447,112.25179
2225,4452,103.343346
2226,4456,112.25179
2227,4457,93.93464
2228,4458,111.99671
2229,4460,93.93464
2230,4461,117.82599
2231,4462,94.3474
2232,4465,102.926796
2233,4466,101.35721
2234,4468,95.114365
2235,4469,103.343346
2236,4472,113.26215
2237,4475,94.71392
2238,4478,94.6013
2239,4479,112.378296
2240,4480,94.21245
2241,4483,76.83301
2242,4484,93.06924
2243,4485,103.343346
2244,4486,95.054
2245,4488,94.30493
2246,4489,103.343346
2247,4490,95.01067
2248,4491,101.43807
2249,4492,94.21358
2250,4493,102.75738
2251,4494,94.02712
2252,4495,102.75738
2253,4498,76.328384
2254,4499,95.01067
2255,4500,102.75738
2256,4503,112.27885
2257,4505,102.926796
2258,4506,94.21358
2259,4507,95.01644
2260,4508,102.75738
2261,4510,112.27885
2262,4511,93.89397
2263,4513,95.054
2264,4516,77.75869
2265,4519,93.89397
2266,4521,95.27398
2267,4531,93.89397
2268,4532,77.75869
2269,4533,96.50719
2270,4534,112.378296
2271,4536,102.75738
2272,4537,93.93464
2273,4539,94.21358
2274,4542,102.75738
2275,4545,93.27861
2276,4549,94.13255
2277,4551,94.30493
2278,4554,103.343346
2279,4556,112.85376
2280,4559,112.378296
2281,4561,112.27885
2282,4562,112.40119
2283,4566,110.78385
2284,4569,93.06924
2285,4570,112.7509
2286,4573,94.21245
2287,4574,102.926796
2288,4575,94.21358
2289,4577,93.93464
2290,4578,112.25179
2291,4580,111.99671
2292,4582,91.61581
2293,4583,112.7509
2294,4585,95.01067
2295,4587,102.75738
2296,4595,93.78149
2297,4596,112.25179
2298,4601,94.6013
2299,4602,112.27885
2300,4603,95.01067
2301,4605,112.378296
2302,4606,92.08215
2303,4607,113.26215
2304,4608,94.30493
2305,4610,95.143234
2306,4613,103.343346
2307,4617,94.359184
2308,4618,112.25179
2309,4619,93.78149
2310,4620,95.19823
2311,4622,94.359184
2312,4625,93.93464
2313,4626,102.75738
2314,4627,95.01067
2315,4629,93.710594
2316,4631,93.89397
2317,4633,102.75738
2318,4634,112.25179
2319,4635,94.02712
2320,4639,94.30493
2321,4640,104.74541
2322,4642,103.343346
2323,4644,113.631035
2324,4646,102.75738
2325,4647,95.579735
2326,4648,77.75869
2327,4649,93.06924
2328,4650,112.378296
2329,4655,94.13255
2330,4660,94.21245
2331,4661,116.68933
2332,4662,91.61581
2333,4663,112.27885
2334,4665,94.6013
2335,4666,112.27885
2336,4667,103.343346
2337,4668,95.01067
2338,4670,94.3474
2339,4671,112.48983
2340,4672,95.406586
2341,4673,103.343346
2342,4675,103.343346
2343,4676,95.01067
2344,4677,112.958916
2345,4680,95.143234
2346,4682,94.21245
2347,4683,113.31619
2348,4685,102.75738
2349,4686,93.08057
2350,4688,112.7509
2351,4690,113.04956
2352,4692,112.40119
2353,4693,93.27861
2354,4697,94.13255
2355,4700,112.40119
2356,4702,112.40119
2357,4707,117.82599
2358,4708,93.93464
2359,4710,79.186325
2360,4716,93.0795
2361,4717,95.143234
2362,4718,94.02712
2363,4720,95.143234
2364,4721,79.74148
2365,4723,94.381256
2366,4726,112.27885
2367,4727,93.89397
2368,4729,94.02712
2369,4731,94.6013
2370,4732,113.31619
2371,4735,96.50719
2372,4736,103.343346
2373,4737,95.01067
2374,4738,110.57838
2375,4739,112.25179
2376,4744,103.343346
2377,4747,94.02712
2378,4749,112.24276
2379,4750,93.93464
2380,4752,112.7509
2381,4755,94.34037
2382,4756,103.343346
2383,4757,112.27885
2384,4758,95.01067
2385,4759,102.75738
2386,4763,95.143234
2387,4764,102.75738
2388,4765,93.93464
2389,4766,93.687645
2390,4767,114.45441
2391,4769,112.378296
2392,4770,94.381256
2393,4771,77.38811
2394,4772,102.75738
2395,4774,112.7509
2396,4776,111.95114
2397,4777,112.378296
2398,4778,95.27398
2399,4780,94.3474
2400,4784,94.3474
2401,4786,95.054
2402,4787,77.75869
2403,4788,94.21245
2404,4789,112.7509
2405,4791,102.75738
2406,4792,93.93464
2407,4795,112.378296
2408,4796,92.79858
2409,4803,94.82278
2410,4805,95.143234
2411,4807,94.21245
2412,4809,93.27861
2413,4816,93.06924
2414,4817,75.7293
2415,4818,93.89397
2416,4820,94.02712
2417,4821,102.75738
2418,4823,112.27885
2419,4824,94.381256
2420,4825,112.378296
2421,4829,101.35721
2422,4830,95.4142
2423,4831,112.27885
2424,4833,103.49437
2425,4836,93.89397
2426,4837,112.7509
2427,4838,93.710594
2428,4840,94.381256
2429,4841,77.75869
2430,4842,91.32058
2431,4843,112.25179
2432,4844,93.27861
2433,4849,103.343346
2434,4851,104.469986
2435,4852,93.93464
2436,4858,93.716576
2437,4860,95.4142
2438,4863,112.27885
2439,4864,94.381256
2440,4865,112.27885
2441,4867,114.187775
2442,4868,94.36489
2443,4869,112.27885
2444,4873,93.710594
2445,4875,94.34037
2446,4876,111.832275
2447,4877,94.359184
2448,4878,112.25179
2449,4880,77.75869
2450,4886,112.378296
2451,4888,103.343346
2452,4889,95.01067
2453,4890,112.378296
2454,4893,94.21358
2455,4895,94.641174
2456,4896,102.75738
2457,4899,93.30549
2458,4901,96.50719
2459,4902,112.27885
2460,4903,94.6013
2461,4904,112.7509
2462,4910,92.79858
2463,4912,93.78149
2464,4915,95.19823
2465,4916,104.13653
2466,4917,95.27398
2467,4920,102.75738
2468,4927,103.343346
2469,4928,93.06924
2470,4931,103.343346
2471,4934,93.27861
2472,4936,93.93464
2473,4939,110.72352
2474,4942,112.27885
2475,4943,95.4142
2476,4944,102.75738
2477,4945,94.71392
2478,4947,112.25179
2479,4948,92.79858
2480,4951,94.21245
2481,4952,112.7509
2482,4953,92.902336
2483,4956,94.6013
2484,4957,112.378296
2485,4958,93.28912
2486,4960,93.08057
2487,4968,94.31257
2488,4969,104.2189
2489,4971,103.343346
2490,4973,112.7509
2491,4975,112.7509
2492,4976,93.06924
2493,4978,93.27861
2494,4979,113.02605
2495,4982,94.3474
2496,4983,113.631035
2497,4984,94.359184
2498,4985,117.82599
2499,4986,94.04537
2500,4987,115.37221
2501,4988,94.34037
2502,4994,93.7641
2503,4995,95.4142
2504,5002,77.19857
2505,5004,93.93464
2506,5005,102.75738
2507,5006,94.21358
2508,5007,102.75738
2509,5009,112.25179
2510,5011,112.7509
2511,5014,95.27398
2512,5015,104.13653
2513,5018,94.359184
2514,5019,112.378296
2515,5020,93.27861
2516,5021,112.378296
2517,5022,93.93464
2518,5023,94.04537
2519,5025,95.4142
2520,5032,94.04537
2521,5034,92.79858
2522,5036,93.78149
2523,5038,94.3474
2524,5039,110.78385
2525,5046,92.351135
2526,5049,112.378296
2527,5051,95.01067
2528,5052,94.82278
2529,5053,112.7509
2530,5054,95.4142
2531,5055,95.01067
2532,5057,93.93464
2533,5059,93.27861
2534,5062,95.114365
2535,5063,112.378296
2536,5065,109.97846
2537,5069,93.93464
2538,5071,95.054
2539,5074,112.378296
2540,5075,94.82278
2541,5076,109.8695
2542,5077,77.75869
2543,5079,104.13653
2544,5080,95.23006
2545,5081,112.7509
2546,5083,103.343346
2547,5088,102.75738
2548,5089,94.21358
2549,5093,113.631035
2550,5094,102.75738
2551,5095,94.21358
2552,5099,112.958916
2553,5101,112.27885
2554,5103,102.75738
2555,5104,94.45346
2556,5105,112.378296
2557,5107,94.13255
2558,5108,112.24276
2559,5109,94.45346
2560,5111,93.27861
2561,5112,112.25179
2562,5113,94.45346
2563,5114,112.18289
2564,5115,94.3474
2565,5118,94.21358
2566,5122,95.4142
2567,5123,77.75869
2568,5125,93.93464
2569,5127,102.75738
2570,5128,93.402756
2571,5129,117.67802
2572,5132,94.21358
2573,5134,112.58713
2574,5135,94.21245
2575,5137,112.378296
2576,5142,93.06924
2577,5143,103.343346
2578,5144,94.04573
2579,5148,93.27861
2580,5149,93.93464
2581,5150,103.67702
2582,5154,77.75869
2583,5155,94.381256
2584,5159,94.3474
2585,5164,94.71392
2586,5165,112.25179
2587,5166,93.27861
2588,5167,114.523384
2589,5169,93.710594
2590,5171,93.89397
2591,5172,112.27885
2592,5176,93.687645
2593,5184,114.38544
2594,5185,92.902336
2595,5186,113.84363
2596,5188,103.67702
2597,5189,111.832275
2598,5190,93.06769
2599,5191,112.25179
2600,5193,112.27885
2601,5196,95.01067
2602,5199,77.75869
2603,5200,103.343346
2604,5203,93.710594
2605,5204,111.00159
2606,5205,93.06769
2607,5207,94.45346
2608,5208,101.43807
2609,5212,94.21358
2610,5214,94.45346
2611,5218,94.01364
2612,5220,92.4538
2613,5222,93.89397
2614,5224,95.143234
2615,5225,102.75738
2616,5227,108.86901
2617,5229,102.75738
2618,5232,93.89397
2619,5233,117.82599
2620,5234,101.38722
2621,5237,112.7509
2622,5239,112.958916
2623,5240,93.89397
2624,5241,112.378296
2625,5244,93.27861
2626,5248,112.27885
2627,5251,93.89397
2628,5253,93.93464
2629,5255,94.21358
2630,5256,102.926796
2631,5257,94.53953
2632,5259,95.143234
2633,5260,112.27885
2634,5266,94.30493
2635,5268,94.6013
2636,5275,112.7509
2637,5276,112.378296
2638,5277,93.68269
2639,5279,94.21358
2640,5280,102.75738
2641,5281,95.01067
2642,5283,93.18426
2643,5284,77.33548
2644,5285,95.4142
2645,5286,103.343346
2646,5287,93.06924
2647,5289,93.89397
2648,5290,112.27885
2649,5292,107.3071
2650,5293,95.23006
2651,5294,103.343346
2652,5297,93.78149
2653,5299,101.35721
2654,5302,93.710594
2655,5305,77.75869
2656,5306,94.21358
2657,5308,92.16837
2658,5309,94.381256
2659,5310,112.27885
2660,5312,112.27885
2661,5316,112.378296
2662,5317,95.579735
2663,5319,77.75869
2664,5320,95.4142
2665,5323,94.45346
2666,5329,114.25675
2667,5331,112.25179
2668,5334,112.378296
2669,5336,112.27885
2670,5338,102.75738
2671,5341,94.641174
2672,5345,95.01644
2673,5348,94.6013
2674,5349,112.27885
2675,5355,103.03514
2676,5356,94.17656
2677,5360,103.343346
2678,5362,113.631035
2679,5364,112.40119
2680,5366,103.03514
2681,5367,91.30622
2682,5368,93.94062
2683,5370,90.90307
2684,5371,77.75869
2685,5373,103.343346
2686,5375,112.7509
2687,5376,93.710594
2688,5378,112.40119
2689,5379,94.641174
2690,5383,94.45346
2691,5384,102.926796
2692,5389,112.378296
2693,5391,77.75869
2694,5393,112.27885
2695,5395,112.378296
2696,5397,112.27885
2697,5398,93.06924
2698,5399,112.378296
2699,5401,117.82599
2700,5402,94.82278
2701,5403,112.378296
2702,5404,94.6013
2703,5407,77.75869
2704,5408,95.01067
2705,5413,109.70121
2706,5414,94.45346
2707,5417,95.01067
2708,5418,107.3071
2709,5420,112.7509
2710,5421,92.902336
2711,5424,94.45346
2712,5425,111.00159
2713,5426,93.06769
2714,5429,112.25179
2715,5431,94.21358
2716,5437,102.75738
2717,5440,93.89397
2718,5444,103.343346
2719,5446,104.13653
2720,5447,94.17656
2721,5451,94.30493
2722,5452,101.48113
2723,5455,101.38722
2724,5456,95.01644
2725,5458,92.80456
2726,5459,114.25675
2727,5460,95.01644
2728,5462,95.01067
2729,5463,112.378296
2730,5464,92.79858
2731,5465,112.25179
2732,5466,95.054
2733,5467,103.343346
2734,5468,95.27398
2735,5469,112.27885
2736,5472,93.93464
2737,5474,93.27861
2738,5475,109.8695
2739,5476,95.4142
2740,5479,102.75738
2741,5480,112.7509
2742,5482,113.26215
2743,5485,93.89397
2744,5486,117.82599
2745,5488,78.82031
2746,5495,102.75738
2747,5496,94.641174
2748,5497,112.25179
2749,5499,112.25179
2750,5503,93.78149
2751,5504,94.45346
2752,5507,95.4142
2753,5509,94.01364
2754,5511,94.381256
2755,5512,112.27885
2756,5516,112.7509
2757,5517,95.143234
2758,5518,102.75738
2759,5521,95.01644
2760,5522,102.75738
2761,5527,95.054
2762,5528,93.7641
2763,5529,111.832275
2764,5532,94.01364
2765,5533,113.04956
2766,5535,103.515434
2767,5536,94.641174
2768,5540,93.06924
2769,5547,94.02712
2770,5548,112.378296
2771,5550,77.75869
2772,5551,93.06924
2773,5554,112.378296
2774,5555,94.21245
2775,5559,112.25179
2776,5560,93.89397
2777,5561,112.27885
2778,5562,93.710594
2779,5563,112.7509
2780,5565,76.83301
2781,5566,94.30493
2782,5567,103.343346
2783,5568,95.01067
2784,5572,95.01067
2785,5574,94.21358
2786,5576,95.27398
2787,5579,112.378296
2788,5580,76.94752
2789,5581,95.01067
2790,5583,94.381256
2791,5584,112.378296
2792,5586,112.27885
2793,5587,92.902336
2794,5589,102.75738
2795,5591,102.75738
2796,5592,93.06924
2797,5593,113.04956
2798,5594,95.23006
2799,5595,76.83301
2800,5596,112.7509
2801,5597,113.04956
2802,5598,117.82599
2803,5599,94.71392
2804,5602,112.27885
2805,5603,95.23006
2806,5605,93.06924
2807,5607,93.30549
2808,5608,114.187775
2809,5609,91.32058
2810,5610,94.6013
2811,5612,93.06924
2812,5613,111.832275
2813,5614,94.3474
2814,5616,94.45346
2815,5621,95.01067
2816,5623,94.45346
2817,5628,115.37221
2818,5629,91.64337
2819,5631,94.641174
2820,5633,99.488335
2821,5638,102.75738
2822,5639,94.21358
2823,5640,105.45362
2824,5645,94.30493
2825,5646,77.75869
2826,5649,93.716576
2827,5653,114.469345
2828,5655,112.25179
2829,5656,94.53355
2830,5658,95.01644
2831,5662,117.82599
2832,5663,93.89397
2833,5667,95.01067
2834,5670,94.71392
2835,5671,102.75738
2836,5672,94.21358
2837,5673,102.75738
2838,5674,94.45346
2839,5675,102.926796
2840,5676,94.21358
2841,5679,112.7509
2842,5683,112.25179
2843,5687,95.23006
2844,5688,77.75869
2845,5690,93.68269
2846,5691,112.27885
2847,5692,94.13255
2848,5693,113.7906
2849,5694,95.01067
2850,5697,112.378296
2851,5698,93.89397
2852,5699,112.7509
2853,5704,94.02712
2854,5707,112.7509
2855,5709,102.75738
2856,5710,93.93464
2857,5714,94.30493
2858,5718,94.71392
2859,5721,93.93464
2860,5723,94.3474
2861,5724,109.97846
2862,5725,93.93464
2863,5726,112.18289
2864,5729,95.4142
2865,5730,102.75738
2866,5731,94.02712
2867,5733,77.75869
2868,5736,93.06924
2869,5741,102.926796
2870,5745,112.378296
2871,5747,94.21358
2872,5748,102.75738
2873,5750,112.378296
2874,5751,95.27398
2875,5752,95.01644
2876,5754,93.06924
2877,5755,94.04573
2878,5757,94.6013
2879,5758,117.82599
2880,5760,102.75738
2881,5762,102.75738
2882,5766,113.631035
2883,5768,95.4142
2884,5769,117.82599
2885,5770,94.30493
2886,5771,112.27885
2887,5772,94.04573
2888,5773,113.7906
2889,5774,90.69055
2890,5776,93.89397
2891,5777,112.7509
2892,5778,94.82278
2893,5780,110.78385
2894,5782,93.06924
2895,5783,77.75869
2896,5784,95.4142
2897,5786,94.21245
2898,5788,95.143234
2899,5789,114.25675
2900,5790,94.71392
2901,5791,102.75738
2902,5793,104.469986
2903,5794,94.02712
2904,5796,117.82599
2905,5797,94.45346
2906,5801,92.16837
2907,5803,95.23006
2908,5804,112.27885
2909,5805,93.06924
2910,5806,77.75869
2911,5808,112.378296
2912,5813,94.02712
2913,5815,95.01067
2914,5816,90.035545
2915,5822,93.687645
2916,5823,112.7509
2917,5825,103.343346
2918,5827,112.378296
2919,5829,102.75738
2920,5830,94.71392
2921,5831,114.25675
2922,5832,94.3474
2923,5833,112.378296
2924,5837,115.37221
2925,5838,93.06924
2926,5839,95.143234
2927,5842,105.45362
2928,5844,112.27885
2929,5845,101.35721
2930,5846,112.22371
2931,5848,77.75869
2932,5850,112.27885
2933,5851,93.89397
2934,5853,95.4142
2935,5854,103.343346
2936,5858,105.45362
2937,5860,112.378296
2938,5864,102.75738
2939,5866,95.23006
2940,5867,112.7509
2941,5868,91.32058
2942,5869,112.27885
2943,5870,94.381256
2944,5871,114.469345
2945,5874,112.25179
2946,5876,112.378296
2947,5877,93.89397
2948,5878,94.3474
2949,5879,112.378296
2950,5880,94.359184
2951,5884,93.06924
2952,5886,111.00159
2953,5890,96.50719
2954,5896,94.71392
2955,5897,102.75738
2956,5898,95.4142
2957,5901,104.13653
2958,5903,112.7509
2959,5906,94.6013
2960,5908,112.7509
2961,5909,92.902336
2962,5910,111.832275
2963,5911,94.02712
2964,5912,112.40119
2965,5914,112.25179
2966,5919,112.7509
2967,5924,94.3474
2968,5926,93.93464
2969,5929,103.343346
2970,5930,94.49294
2971,5932,95.143234
2972,5933,112.378296
2973,5934,94.82278
2974,5935,112.27885
2975,5936,94.82278
2976,5937,112.27885
2977,5938,93.30549
2978,5939,109.49167
2979,5942,113.631035
2980,5943,93.93464
2981,5944,104.32423
2982,5946,112.7509
2983,5951,94.13255
2984,5953,102.75738
2985,5954,94.02712
2986,5957,102.75738
2987,5961,94.45346
2988,5962,103.67702
2989,5964,76.328384
2990,5965,95.23006
2991,5968,112.25179
2992,5969,93.27861
2993,5974,94.6013
2994,5975,114.187775
2995,5978,77.75869
2996,5981,102.75738
2997,5982,95.01644
2998,5983,113.84363
2999,5989,112.958916
3000,5991,93.93464
3001,5992,102.926796
3002,5995,94.21358
3003,5996,102.75738
3004,5997,112.378296
3005,5998,94.381256
3006,5999,76.328384
3007,6001,112.25179
3008,6002,93.27861
3009,6003,109.35976
3010,6004,94.02712
3011,6006,112.40119
3012,6007,93.710594
3013,6011,95.27398
3014,6012,103.343346
3015,6014,94.02712
3016,6015,102.75738
3017,6016,95.01067
3018,6017,112.378296
3019,6018,95.4142
3020,6024,94.21358
3021,6025,102.75738
3022,6026,109.97846
3023,6028,112.25179
3024,6029,77.75869
3025,6030,94.04537
3026,6036,112.25179
3027,6040,93.06924
3028,6041,112.27885
3029,6042,94.381256
3030,6044,94.30493
3031,6045,102.75738
3032,6047,102.75738
3033,6048,94.45346
3034,6049,113.631035
3035,6051,117.82599
3036,6052,114.187775
3037,6053,93.89397
3038,6054,112.27885
3039,6058,104.80061
3040,6059,94.45346
3041,6062,95.4142
3042,6063,117.82599
3043,6064,102.75738
3044,6065,93.06924
3045,6067,94.6013
3046,6068,112.27885
3047,6070,102.75738
3048,6071,94.641174
3049,6072,111.00159
3050,6080,111.00159
3051,6081,94.45346
3052,6084,103.67702
3053,6087,94.04573
3054,6089,102.75738
3055,6092,111.00159
3056,6094,93.06924
3057,6095,112.7509
3058,6097,110.5085
3059,6100,94.04537
3060,6104,103.343346
3061,6105,93.06924
3062,6106,112.378296
3063,6107,77.33548
3064,6108,94.359184
3065,6109,111.00159
3066,6110,93.78149
3067,6114,111.00159
3068,6116,93.93464
3069,6117,102.926796
3070,6118,95.01644
3071,6123,77.75869
3072,6125,112.7509
3073,6128,109.046425
3074,6130,102.75738
3075,6132,112.25179
3076,6137,77.75869
3077,6139,112.378296
3078,6140,94.6013
3079,6141,110.5085
3080,6142,104.13653
3081,6144,104.13653
3082,6145,95.01067
3083,6146,93.27861
3084,6149,91.61581
3085,6156,95.01067
3086,6159,109.97846
3087,6160,94.6013
3088,6162,103.343346
3089,6164,111.99671
3090,6165,92.79858
3091,6168,77.75869
3092,6169,112.378296
3093,6170,92.16908
3094,6171,112.378296
3095,6172,91.32058
3096,6173,112.378296
3097,6176,95.4142
3098,6177,91.32058
3099,6178,95.071434
3100,6180,94.45346
3101,6181,102.75738
3102,6182,90.90307
3103,6185,93.06924
3104,6186,112.27885
3105,6188,112.27885
3106,6189,94.6013
3107,6192,103.67702
3108,6193,93.93464
3109,6194,102.75738
3110,6195,90.90307
3111,6196,117.67802
3112,6197,93.06924
3113,6201,112.27885
3114,6202,94.6013
3115,6203,114.187775
3116,6204,93.06924
3117,6207,117.82599
3118,6209,94.3474
3119,6210,94.01364
3120,6211,112.27885
3121,6213,112.27885
3122,6216,91.32058
3123,6217,94.04573
3124,6219,93.06924
3125,6222,77.75869
3126,6223,95.27398
3127,6235,95.4142
3128,6240,94.30493
3129,6242,95.01067
3130,6247,94.45346
3131,6251,111.063255
3132,6254,112.25179
3133,6255,95.01067
3134,6260,102.75738
3135,6261,94.02712
3136,6262,104.80061
3137,6264,112.27885
3138,6269,103.343346
3139,6271,103.03514
3140,6275,112.25179
3141,6276,94.3474
3142,6278,94.641174
3143,6279,112.378296
3144,6281,112.378296
3145,6284,93.89397
3146,6286,90.90307
3147,6287,75.08579
3148,6288,94.21245
3149,6292,94.36489
3150,6293,93.06924
3151,6295,95.18186
3152,6298,112.40119
3153,6300,112.25179
3154,6304,102.75738
3155,6308,112.40119
3156,6310,95.143234
3157,6312,111.00159
3158,6320,94.02712
3159,6324,91.61581
3160,6325,112.378296
3161,6330,95.054
3162,6336,112.378296
3163,6340,103.03514
3164,6341,95.4142
3165,6342,103.67702
3166,6344,94.21245
3167,6345,113.31619
3168,6347,112.378296
3169,6348,94.3474
3170,6349,112.40119
3171,6351,77.75869
3172,6353,112.27885
3173,6354,93.06924
3174,6357,93.93464
3175,6358,103.761
3176,6360,102.75738
3177,6363,115.37221
3178,6364,93.89397
3179,6368,109.97846
3180,6370,93.27861
3181,6371,94.02712
3182,6377,93.47084
3183,6379,94.45346
3184,6381,93.89397
3185,6382,77.75869
3186,6383,112.378296
3187,6388,112.27885
3188,6390,112.27885
3189,6392,102.75738
3190,6393,94.71392
3191,6395,95.01067
3192,6398,102.75738
3193,6401,77.75869
3194,6402,93.30549
3195,6403,111.832275
3196,6405,94.6013
3197,6406,93.89397
3198,6407,112.7509
3199,6409,102.75738
3200,6411,94.3474
3201,6413,93.08057
3202,6416,105.45362
3203,6417,95.27398
3204,6418,94.381256
3205,6419,117.82599
3206,6420,112.25179
3207,6426,113.31619
3208,6429,94.04537
3209,6430,93.93464
3210,6431,111.832275
3211,6432,94.3474
3212,6434,94.45346
3213,6437,112.25179
3214,6438,95.01644
3215,6439,102.75738
3216,6440,93.93464
3217,6441,94.3474
3218,6442,111.00159
3219,6443,94.359184
3220,6445,94.21358
3221,6448,112.7509
3222,6450,112.25179
3223,6453,95.19823
3224,6455,94.23696
3225,6457,94.6013
3226,6458,113.631035
3227,6461,95.01067
3228,6464,112.27885
3229,6467,94.45346
3230,6469,95.054
3231,6470,76.94752
3232,6471,94.6013
3233,6473,102.75738
3234,6474,93.93464
3235,6479,95.01067
3236,6481,94.36489
3237,6484,112.27885
3238,6495,93.89397
3239,6496,112.25179
3240,6505,111.49546
3241,6506,95.071434
3242,6508,95.4142
3243,6509,94.21245
3244,6510,102.75738
3245,6512,102.75738
3246,6513,94.02712
3247,6514,112.378296
3248,6515,93.89397
3249,6519,95.143234
3250,6521,94.30493
3251,6523,77.75869
3252,6525,105.45362
3253,6526,94.45346
3254,6528,95.01644
3255,6529,114.25675
3256,6531,103.343346
3257,6533,103.67702
3258,6534,93.93464
3259,6535,112.7509
3260,6536,94.13255
3261,6537,112.27885
3262,6540,94.381256
3263,6541,112.378296
3264,6547,94.641174
3265,6548,113.631035
3266,6551,112.27885
3267,6553,111.49546
3268,6555,103.67702
3269,6556,95.4142
3270,6561,77.75869
3271,6564,94.381256
3272,6565,112.7509
3273,6568,94.21358
3274,6569,111.00159
3275,6573,101.60709
3276,6574,95.01067
3277,6577,112.27885
3278,6579,115.37221
3279,6581,93.27861
3280,6582,111.832275
3281,6585,90.035545
3282,6586,95.143234
3283,6589,102.75738
3284,6590,77.75869
3285,6593,94.04537
3286,6594,112.378296
3287,6595,91.317444
3288,6599,94.359184
3289,6600,94.3474
3290,6601,112.48915
3291,6602,93.89397
3292,6603,112.7509
3293,6604,92.16908
3294,6607,103.343346
3295,6608,103.343346
3296,6609,95.01067
3297,6611,94.45346
3298,6613,111.00159
3299,6614,94.6013
3300,6616,93.89397
3301,6617,111.00159
3302,6618,94.02712
3303,6619,101.70916
3304,6621,103.67702
3305,6627,102.301575
3306,6629,112.27885
3307,6631,77.75869
3308,6634,95.01067
3309,6636,94.02712
3310,6638,94.21358
3311,6639,111.00159
3312,6641,112.7509
3313,6642,95.18186
3314,6651,117.67802
3315,6654,75.823685
3316,6657,94.21358
3317,6663,93.716576
3318,6665,113.547165
3319,6666,93.27861
3320,6668,94.02712
3321,6669,103.67702
3322,6670,94.21358
3323,6671,99.61513
3324,6673,95.406586
3325,6675,94.381256
3326,6676,77.75869
3327,6677,94.21245
3328,6679,94.381256
3329,6680,112.378296
3330,6681,102.75738
3331,6685,102.75738
3332,6688,93.93464
3333,6689,91.317444
3334,6690,109.35976
3335,6692,111.00159
3336,6693,94.3474
3337,6694,94.45346
3338,6698,117.82599
3339,6699,93.06924
3340,6700,112.27885
3341,6701,94.6013
3342,6702,112.27885
3343,6704,91.317444
3344,6707,111.49546
3345,6712,112.7509
3346,6713,93.89397
3347,6715,96.50719
3348,6721,112.25179
3349,6722,93.06924
3350,6723,112.27885
3351,6724,94.04573
3352,6725,117.82599
3353,6731,112.27885
3354,6735,86.95477
3355,6736,96.50719
3356,6737,107.3071
3357,6738,90.90307
3358,6739,102.926796
3359,6741,102.75738
3360,6743,94.36489
3361,6745,94.02712
3362,6747,112.25179
3363,6749,93.06924
3364,6750,103.343346
3365,6751,117.82599
3366,6752,94.641174
3367,6753,111.00159
3368,6755,112.378296
3369,6756,94.30493
3370,6757,103.343346
3371,6759,112.27885
3372,6761,93.89397
3373,6763,94.6013
3374,6764,117.82599
3375,6765,94.30493
3376,6766,112.27885
3377,6768,112.40119
3378,6771,91.317444
3379,6773,94.53355
3380,6774,94.21358
3381,6778,103.343346
3382,6779,97.64661
3383,6781,91.32058
3384,6784,93.08057
3385,6786,94.36489
3386,6787,114.187775
3387,6790,93.06769
3388,6793,104.74541
3389,6795,111.00159
3390,6798,112.27885
3391,6806,103.49437
3392,6807,94.21358
3393,6810,93.93464
3394,6815,113.631035
3395,6816,93.78149
3396,6817,103.49437
3397,6818,94.71392
3398,6819,102.75738
3399,6820,94.21358
3400,6822,94.359184
3401,6823,117.82599
3402,6824,112.378296
3403,6825,93.27861
3404,6828,77.75869
3405,6829,112.25179
3406,6831,112.25179
3407,6832,93.06924
3408,6833,112.378296
3409,6834,94.6013
3410,6836,94.04537
3411,6837,112.7509
3412,6838,93.89397
3413,6840,102.926796
3414,6843,93.89397
3415,6845,93.89397
3416,6846,93.06924
3417,6847,112.378296
3418,6851,113.04956
3419,6852,93.30549
3420,6853,112.18289
3421,6858,94.641174
3422,6861,112.27885
3423,6863,112.48915
3424,6864,77.75869
3425,6865,92.295876
3426,6866,112.7509
3427,6867,95.054
3428,6868,103.67702
3429,6869,94.71392
3430,6870,112.378296
3431,6874,113.631035
3432,6875,94.3474
3433,6877,112.40119
3434,6878,93.06769
3435,6880,94.02712
3436,6883,112.40119
3437,6884,94.359184
3438,6886,95.01067
3439,6890,95.18186
3440,6893,112.378296
3441,6894,93.78149
3442,6899,112.40119
3443,6900,93.27861
3444,6904,91.61581
3445,6905,112.378296
3446,6906,91.32058
3447,6910,93.716576
3448,6912,102.926796
3449,6913,113.26827
3450,6920,94.30493
3451,6922,94.381256
3452,6923,111.00159
3453,6926,94.21358
3454,6927,112.378296
3455,6928,94.82278
3456,6931,108.56306
3457,6933,93.93464
3458,6936,91.32058
3459,6937,112.7509
3460,6939,116.256294
3461,6941,94.36489
3462,6942,112.54029
3463,6943,94.45346
3464,6944,102.926796
3465,6945,95.01644
3466,6946,113.631035
3467,6947,117.82599
3468,6949,102.75738
3469,6951,102.75738
3470,6953,113.7906
3471,6954,94.6013
3472,6955,112.378296
3473,6963,108.86901
3474,6964,92.80456
3475,6966,94.6013
3476,6968,93.06924
3477,6970,102.75738
3478,6972,112.958916
3479,6976,110.57838
3480,6978,112.7509
3481,6981,102.97115
3482,6985,103.343346
3483,6986,93.06924
3484,6987,112.25179
3485,6989,114.469345
3486,6991,117.82599
3487,6993,113.72444
3488,6994,93.7641
3489,6995,112.40119
3490,6996,94.3474
3491,6997,112.25179
3492,6998,76.83301
3493,7001,108.86901
3494,7003,112.958916
3495,7006,95.01644
3496,7008,94.71392
3497,7010,93.89397
3498,7011,94.30493
3499,7012,116.256294
3500,7013,93.89397
3501,7014,112.27885
3502,7017,103.761
3503,7018,94.02712
3504,7019,93.89397
3505,7023,95.01644
3506,7024,102.926796
3507,7025,93.06924
3508,7026,112.27885
3509,7027,93.89397
3510,7028,113.72444
3511,7030,111.00159
3512,7031,93.06769
3513,7033,112.378296
3514,7036,94.21245
3515,7037,95.01644
3516,7039,93.93464
3517,7044,93.89397
3518,7045,112.7509
3519,7046,94.04537
3520,7049,104.80061
3521,7050,95.071434
3522,7051,102.75738
3523,7054,108.662506
3524,7055,94.381256
3525,7057,93.93464
3526,7060,112.40119
3527,7061,95.4142
3528,7063,91.32058
3529,7064,112.378296
3530,7067,94.02712
3531,7071,95.27398
3532,7074,102.75738
3533,7075,94.53355
3534,7078,112.7509
3535,7079,91.317444
3536,7080,114.187775
3537,7081,95.23006
3538,7082,112.7509
3539,7083,94.82278
3540,7085,109.8695
3541,7092,102.75738
3542,7094,94.71392
3543,7100,94.381256
3544,7101,112.378296
3545,7102,112.7509
3546,7104,112.378296
3547,7105,95.4142
3548,7106,94.02712
3549,7107,101.70916
3550,7108,77.75869
3551,7109,94.381256
3552,7110,112.7509
3553,7112,94.21358
3554,7113,102.75738
3555,7114,94.641174
3556,7116,112.7509
3557,7117,95.4142
3558,7118,104.13653
3559,7120,95.01067
3560,7121,102.75738
3561,7123,102.75738
3562,7124,95.143234
3563,7127,103.343346
3564,7131,102.75738
3565,7132,94.71392
3566,7133,93.89397
3567,7134,112.27885
3568,7135,91.317444
3569,7136,112.27885
3570,7137,93.06924
3571,7141,94.381256
3572,7144,102.75738
3573,7147,112.378296
3574,7148,90.69055
3575,7150,92.902336
3576,7151,95.01067
3577,7152,102.75738
3578,7154,93.06924
3579,7156,95.01067
3580,7157,103.343346
3581,7159,117.82599
3582,7161,95.054
3583,7163,94.30493
3584,7164,103.49437
3585,7167,77.75869
3586,7169,104.13653
3587,7170,95.01067
3588,7173,94.30493
3589,7174,103.343346
3590,7177,112.27885
3591,7178,103.343346
3592,7179,94.30493
3593,7180,79.213005
3594,7181,112.378296
3595,7182,94.3474
3596,7184,94.02712
3597,7185,112.25179
3598,7186,92.68319
3599,7187,117.67802
3600,7188,93.89397
3601,7189,112.378296
3602,7191,102.75738
3603,7193,108.86901
3604,7197,94.381256
3605,7199,93.68269
3606,7200,112.7509
3607,7201,91.317444
3608,7204,93.27861
3609,7207,112.25179
3610,7209,112.48915
3611,7210,93.93464
3612,7211,105.067245
3613,7213,93.30549
3614,7214,112.25179
3615,7216,112.25179
3616,7217,94.3474
3617,7220,112.40119
3618,7224,111.00159
3619,7225,94.3474
3620,7226,112.25179
3621,7227,93.93464
3622,7234,112.25179
3623,7236,83.26115
3624,7239,103.343346
3625,7240,95.01067
3626,7242,115.37221
3627,7244,112.25179
3628,7245,93.78149
3629,7247,113.631035
3630,7248,92.79858
3631,7249,117.82599
3632,7250,112.27885
3633,7251,92.902336
3634,7252,112.27885
3635,7253,77.75869
3636,7256,95.01067
3637,7260,94.6013
3638,7261,112.378296
3639,7264,94.21358
3640,7269,109.97846
3641,7270,94.3474
3642,7273,112.40119
3643,7279,92.8662
3644,7281,112.378296
3645,7284,91.61581
3646,7285,111.14269
3647,7286,117.82599
3648,7287,93.27861
3649,7289,94.02712
3650,7292,93.06924
3651,7293,112.7509
3652,7296,95.406586
3653,7297,112.378296
3654,7298,91.61581
3655,7299,112.378296
3656,7301,102.75738
3657,7304,112.25179
3658,7306,112.958916
3659,7308,94.02712
3660,7309,101.35721
3661,7312,93.06924
3662,7313,77.75869
3663,7314,94.6013
3664,7316,94.82278
3665,7319,112.27885
3666,7321,95.27398
3667,7323,95.4142
3668,7324,102.75738
3669,7325,93.93464
3670,7328,103.49437
3671,7330,77.75869
3672,7334,93.93464
3673,7337,112.25179
3674,7338,94.71392
3675,7339,94.3474
3676,7341,92.79858
3677,7342,112.25179
3678,7344,111.99671
3679,7345,112.24276
3680,7347,108.86901
3681,7349,112.378296
3682,7350,94.21245
3683,7353,113.04956
3684,7355,112.27885
3685,7356,94.04573
3686,7357,112.378296
3687,7358,94.34037
3688,7360,92.16837
3689,7363,104.32423
3690,7364,94.21358
3691,7366,94.45346
3692,7368,95.01644
3693,7369,112.378296
3694,7370,94.04573
3695,7373,94.3474
3696,7374,114.25675
3697,7375,94.45346
3698,7377,95.01067
3699,7379,94.01364
3700,7380,117.82599
3701,7382,112.18289
3702,7383,94.3474
3703,7385,94.641174
3704,7386,102.75738
3705,7391,95.071434
3706,7394,99.676926
3707,7396,112.27885
3708,7397,93.08057
3709,7399,95.01067
3710,7400,102.75738
3711,7403,77.75869
3712,7405,112.378296
3713,7408,112.18289
3714,7414,112.48915
3715,7416,104.80061
3716,7417,90.256226
3717,7419,94.31257
3718,7420,88.943146
3719,7421,95.23006
3720,7422,94.21358
3721,7423,104.32423
3722,7425,77.75869
3723,7430,92.15288
3724,7432,94.21358
3725,7433,94.641174
3726,7434,112.25179
3727,7436,108.662506
3728,7437,93.06924
3729,7438,103.343346
3730,7440,105.067245
3731,7441,94.45346
3732,7442,112.25179
3733,7445,114.187775
3734,7446,103.49437
3735,7448,112.378296
3736,7450,101.09225
3737,7451,94.02712
3738,7454,111.95114
3739,7455,94.23696
3740,7457,112.27885
3741,7459,103.49437
3742,7462,93.27861
3743,7464,94.02712
3744,7465,113.547165
3745,7466,93.27861
3746,7467,112.378296
3747,7469,113.31619
3748,7472,93.7641
3749,7473,111.00159
3750,7479,93.93464
3751,7480,102.75738
3752,7484,111.49546
3753,7491,93.93464
3754,7494,104.80061
3755,7495,94.45346
3756,7501,93.06769
3757,7503,93.93464
3758,7504,102.75738
3759,7505,92.16908
3760,7508,112.27885
3761,7509,94.13255
3762,7510,77.75869
3763,7511,109.97846
3764,7515,94.71392
3765,7516,103.761
3766,7517,94.21358
3767,7518,103.67702
3768,7519,93.93464
3769,7521,94.21358
3770,7522,102.75738
3771,7524,104.74541
3772,7526,102.75738
3773,7527,95.01644
3774,7528,102.75738
3775,7529,95.01644
3776,7534,110.57838
3777,7537,113.31619
3778,7538,93.687645
3779,7540,94.641174
3780,7541,112.27885
3781,7545,112.378296
3782,7551,113.26827
3783,7553,93.93464
3784,7554,102.75738
3785,7555,94.21358
3786,7561,112.27885
3787,7562,94.381256
3788,7564,94.45346
3789,7565,105.067245
3790,7566,95.01067
3791,7567,113.7906
3792,7569,102.75738
3793,7570,95.071434
3794,7571,117.67802
3795,7572,94.01364
3796,7574,103.343346
3797,7578,112.378296
3798,7579,94.381256
3799,7586,93.06924
3800,7587,77.22537
3801,7590,93.93464
3802,7593,111.00159
3803,7594,94.641174
3804,7595,95.01067
3805,7600,93.06924
3806,7601,80.627884
3807,7602,94.6013
3808,7603,112.27885
3809,7604,93.06924
3810,7606,93.29506
3811,7608,113.26827
3812,7613,77.75869
3813,7615,112.25179
3814,7616,108.662506
3815,7617,112.27885
3816,7618,95.01644
3817,7619,102.75738
3818,7622,94.641174
3819,7623,102.75738
3820,7624,94.21358
3821,7625,103.761
3822,7626,93.93464
3823,7627,102.75738
3824,7628,77.75869
3825,7631,102.75738
3826,7632,102.75738
3827,7633,95.01067
3828,7634,113.53905
3829,7635,94.381256
3830,7636,112.25179
3831,7637,112.25179
3832,7639,93.06924
3833,7640,77.75869
3834,7644,112.7509
3835,7645,94.6013
3836,7648,102.75738
3837,7649,94.21358
3838,7650,112.378296
3839,7652,113.547165
3840,7653,92.79858
3841,7655,93.27861
3842,7659,112.27885
3843,7662,94.381256
3844,7664,94.36489
3845,7666,95.143234
3846,7668,95.27398
3847,7669,112.958916
3848,7670,91.30622
3849,7672,94.21358
3850,7673,112.378296
3851,7678,93.06924
3852,7679,78.653336
3853,7680,103.67702
3854,7683,93.89397
3855,7685,117.82599
3856,7688,94.02712
3857,7690,108.662506
3858,7692,93.93464
3859,7693,95.01067
3860,7695,112.25179
3861,7696,94.45346
3862,7698,94.3474
3863,7699,112.25179
3864,7702,92.79858
3865,7703,112.25179
3866,7704,94.21358
3867,7707,109.97846
3868,7713,77.75869
3869,7715,103.343346
3870,7717,112.27885
3871,7718,92.15288
3872,7719,104.13653
3873,7721,113.53905
3874,7722,95.054
3875,7725,101.35721
3876,7727,102.75738
3877,7730,76.94752
3878,7733,91.317444
3879,7735,102.75738
3880,7740,112.25179
3881,7741,112.25179
3882,7742,93.78149
3883,7744,114.523384
3884,7747,94.71392
3885,7750,77.75869
3886,7752,112.27885
3887,7754,112.378296
3888,7756,103.343346
3889,7757,95.4142
3890,7758,102.75738
3891,7760,103.67702
3892,7761,95.01067
3893,7763,116.85648
3894,7765,93.93464
3895,7767,112.25179
3896,7768,93.93464
3897,7771,95.01067
3898,7773,93.28912
3899,7774,114.523384
3900,7776,105.067245
3901,7779,94.45346
3902,7783,94.359184
3903,7786,104.13653
3904,7787,96.50719
3905,7789,94.45346
3906,7791,95.01644
3907,7793,94.641174
3908,7794,112.18289
3909,7795,94.3474
3910,7799,77.75869
3911,7800,109.71171
3912,7802,94.21358
3913,7805,90.035545
3914,7807,102.75738
3915,7808,94.21358
3916,7811,102.75738
3917,7817,108.662506
3918,7818,102.75738
3919,7819,94.02712
3920,7822,93.06924
3921,7823,112.378296
3922,7825,112.25179
3923,7828,93.27861
3924,7832,94.6013
3925,7833,77.75869
3926,7834,114.469345
3927,7835,93.94062
3928,7837,95.01067
3929,7840,94.30493
3930,7842,94.381256
3931,7843,112.378296
3932,7844,93.93464
3933,7846,95.01067
3934,7850,92.11768
3935,7853,112.7509
3936,7855,113.26827
3937,7858,94.71392
3938,7863,112.27885
3939,7865,112.7509
3940,7866,94.01364
3941,7868,93.89397
3942,7869,112.27885
3943,7871,77.75869
3944,7872,102.926796
3945,7874,102.75738
3946,7877,112.27885
3947,7878,94.6013
3948,7879,112.378296
3949,7881,94.3474
3950,7883,93.94062
3951,7885,102.54762
3952,7886,93.93464
3953,7889,95.143234
3954,7890,104.74541
3955,7891,94.21245
3956,7893,90.90307
3957,7894,102.97115
3958,7896,112.378296
3959,7898,102.75738
3960,7901,94.71392
3961,7902,108.86901
3962,7904,113.04956
3963,7905,93.4447
3964,7906,113.2741
3965,7909,94.02712
3966,7910,102.75738
3967,7913,93.27861
3968,7918,112.7509
3969,7919,91.317444
3970,7923,91.32058
3971,7925,95.01067
3972,7927,93.89397
3973,7930,94.71392
3974,7932,95.18186
3975,7933,94.82278
3976,7935,90.256226
3977,7939,101.60709
3978,7942,93.06769
3979,7943,109.70121
3980,7945,104.80061
3981,7946,95.01644
3982,7948,94.71392
3983,7949,111.00159
3984,7950,93.78149
3985,7951,112.25179
3986,7955,102.75738
3987,7959,94.21358
3988,7960,112.25179
3989,7961,94.30493
3990,7962,103.343346
3991,7964,105.13204
3992,7965,95.23006
3993,7966,112.7509
3994,7967,104.13653
3995,7968,95.143234
3996,7971,103.343346
3997,7974,91.317444
3998,7976,101.43807
3999,7978,112.27885
4000,7982,112.25179
4001,7983,94.02712
4002,7984,102.75738
4003,7986,94.04573
4004,7989,111.00159
4005,7991,108.86901
4006,7992,112.27885
4007,7993,94.04537
4008,7994,112.7509
4009,7995,94.6013
4010,7997,92.16837
4011,7998,102.75738
4012,7999,108.662506
4013,8002,93.89397
4014,8007,94.381256
4015,8009,95.27398
4016,8011,94.381256
4017,8013,95.23006
4018,8015,102.75738
4019,8017,112.27885
4020,8019,117.82599
4021,8023,94.45346
4022,8024,112.25179
4023,8026,112.27885
4024,8027,92.902336
4025,8029,94.30493
4026,8030,112.378296
4027,8031,94.381256
4028,8033,94.91665
4029,8035,93.93464
4030,8036,103.16374
4031,8039,103.343346
4032,8042,93.89397
4033,8044,92.79858
4034,8046,77.44642
4035,8048,112.378296
4036,8049,93.4447
4037,8050,102.75738
4038,8053,94.45346
4039,8054,92.4538
4040,8059,93.06924
4041,8061,94.381256
4042,8062,112.378296
4043,8064,112.40119
4044,8066,104.478775
4045,8067,93.7641
4046,8068,91.64337
4047,8070,94.21245
4048,8071,112.7509
4049,8072,94.04537
4050,8076,92.902336
4051,8080,92.79858
4052,8081,112.25179
4053,8084,94.641174
4054,8087,114.25675
4055,8089,91.32058
4056,8090,117.82599
4057,8091,102.75738
4058,8094,112.27885
4059,8100,92.79858
4060,8101,95.143234
4061,8110,95.01644
4062,8111,108.86901
4063,8112,94.21358
4064,8115,112.54029
4065,8116,93.88527
4066,8118,112.40119
4067,8121,117.82599
4068,8125,112.27885
4069,8127,113.04956
4070,8128,94.04537
4071,8129,108.86901
4072,8131,93.84586
4073,8138,95.01644
4074,8139,102.75738
4075,8140,93.06924
4076,8141,93.28912
4077,8142,112.378296
4078,8143,112.25179
4079,8145,112.27885
4080,8146,91.61581
4081,8148,112.48915
4082,8153,112.27885
4083,8154,91.32058
4084,8155,112.25179
4085,8161,90.90307
4086,8162,112.378296
4087,8163,94.13255
4088,8166,112.27885
4089,8168,112.27885
4090,8170,94.04537
4091,8172,108.86901
4092,8173,91.317444
4093,8176,102.75738
4094,8179,94.45346
4095,8181,95.01067
4096,8182,117.82599
4097,8184,112.27885
4098,8190,103.67702
4099,8191,94.21358
4100,8194,114.25675
4101,8196,112.958916
4102,8198,113.31619
4103,8199,112.7509
4104,8201,112.27885
4105,8202,93.06924
4106,8207,95.23006
4107,8208,108.86901
4108,8211,112.27885
4109,8214,112.43704
4110,8217,94.45346
4111,8218,112.18289
4112,8222,93.93464
4113,8229,107.3071
4114,8231,94.381256
4115,8233,95.143234
4116,8236,94.45346
4117,8238,112.25179
4118,8240,102.75738
4119,8243,104.469986
4120,8246,114.187775
4121,8250,93.78149
4122,8254,95.054
4123,8256,77.75869
4124,8257,111.99671
4125,8258,93.27861
4126,8260,94.02712
4127,8261,111.99671
4128,8263,115.37221
4129,8264,95.01644
4130,8267,112.378296
4131,8268,93.27861
4132,8271,94.04537
4133,8272,108.86901
4134,8275,94.21245
4135,8276,95.143234
4136,8277,104.13653
4137,8278,117.82599
4138,8279,92.902336
4139,8280,112.378296
4140,8281,93.93464
4141,8282,111.99671
4142,8287,112.27885
4143,8288,91.317444
4144,8289,112.25179
4145,8294,93.28912
4146,8296,93.28912
4147,8299,114.469345
4148,8302,102.75738
4149,8308,112.27885
4150,8314,103.343346
4151,8315,94.34037
4152,8316,112.958916
4153,8317,94.381256
4154,8319,112.27885
4155,8320,93.89397
4156,8321,117.82599
4157,8323,93.93464
4158,8325,90.90307
4159,8326,112.27885
4160,8328,108.86901
4161,8330,109.71171
4162,8331,92.4538
4163,8332,112.378296
4164,8334,95.01644
4165,8338,94.13255
4166,8339,94.53355
4167,8341,93.28912
4168,8345,112.7509
4169,8346,95.01067
4170,8347,103.343346
4171,8349,95.01644
4172,8351,90.90307
4173,8352,112.27885
4174,8353,108.86901
4175,8355,110.57838
4176,8358,108.662506
4177,8359,109.71171
4178,8360,93.687645
4179,8361,112.85376
4180,8363,103.343346
4181,8364,94.30493
4182,8365,95.143234
4183,8366,102.75738
4184,8370,112.25179
4185,8372,90.90307
4186,8376,95.4142
4187,8377,116.610886
4188,8379,112.25179
4189,8380,94.82278
4190,8381,112.27885
4191,8386,91.32058
4192,8388,102.75738
4193,8389,93.94062
4194,8391,112.378296
4195,8394,95.054
4196,8396,103.343346
4197,8398,102.926796
4198,8400,112.27885
4199,8401,92.4538
4200,8404,93.28912
4201,8407,94.21358
4202,8408,112.378296
4203,8409,108.86901
4204,8410,103.343346
4205,8411,93.06924
4206,8413,94.04537
4207,8414,112.27885
4208,8416,93.06924
